<metadata xml:lang="en"><Esri><CreaDate>20240922</CreaDate><CreaTime>16533800</CreaTime><ArcGISFormat>1.0</ArcGISFormat><SyncOnce>FALSE</SyncOnce><DataProperties><itemProps><itemName Sync="TRUE">NA_SWORD_reach_v16_gt100_map</itemName><imsContentType Sync="TRUE">002</imsContentType><itemLocation><linkage Sync="TRUE">file://\\GEOSVT000435837\C$\Users\eaellis\Documents\Python Scripts\Dam_Temperature_Code_Clean\CSVs_SHPs\NA_SWORD_reach_v16_gt100_map.shp</linkage><protocol Sync="TRUE">Local Area Network</protocol></itemLocation><itemSize Sync="TRUE">0.000</itemSize></itemProps><coordRef><type Sync="TRUE">Geographic</type><geogcsn Sync="TRUE">GCS_WGS_1984</geogcsn><csUnits Sync="TRUE">Angular Unit: Degree (0.017453)</csUnits><peXml Sync="TRUE">&lt;GeographicCoordinateSystem xsi:type='typens:GeographicCoordinateSystem' xmlns:xsi='http://www.w3.org/2001/XMLSchema-instance' xmlns:xs='http://www.w3.org/2001/XMLSchema' xmlns:typens='http://www.esri.com/schemas/ArcGIS/3.0.0'&gt;&lt;WKT&gt;GEOGCS[&amp;quot;GCS_WGS_1984&amp;quot;,DATUM[&amp;quot;D_WGS_1984&amp;quot;,SPHEROID[&amp;quot;WGS_1984&amp;quot;,6378137.0,298.257223563]],PRIMEM[&amp;quot;Greenwich&amp;quot;,0.0],UNIT[&amp;quot;Degree&amp;quot;,0.0174532925199433],AUTHORITY[&amp;quot;EPSG&amp;quot;,4326]]&lt;/WKT&gt;&lt;XOrigin&gt;-400&lt;/XOrigin&gt;&lt;YOrigin&gt;-400&lt;/YOrigin&gt;&lt;XYScale&gt;11258999068426.238&lt;/XYScale&gt;&lt;ZOrigin&gt;-100000&lt;/ZOrigin&gt;&lt;ZScale&gt;10000&lt;/ZScale&gt;&lt;MOrigin&gt;-100000&lt;/MOrigin&gt;&lt;MScale&gt;10000&lt;/MScale&gt;&lt;XYTolerance&gt;8.983152841195215e-09&lt;/XYTolerance&gt;&lt;ZTolerance&gt;0.001&lt;/ZTolerance&gt;&lt;MTolerance&gt;0.001&lt;/MTolerance&gt;&lt;HighPrecision&gt;true&lt;/HighPrecision&gt;&lt;LeftLongitude&gt;-180&lt;/LeftLongitude&gt;&lt;WKID&gt;4326&lt;/WKID&gt;&lt;LatestWKID&gt;4326&lt;/LatestWKID&gt;&lt;/GeographicCoordinateSystem&gt;</peXml></coordRef><lineage><Process ToolSource="c:\program files\arcgis\pro\Resources\ArcToolbox\toolboxes\Data Management Tools.tbx\Merge" Date="20240922" Time="165339">Merge na_sword_reaches_hb78_v16;na_sword_reaches_hb77_v16;na_sword_reaches_hb76_v16;na_sword_reaches_hb75_v16;na_sword_reaches_hb74_v16;na_sword_reaches_hb73_v16;na_sword_reaches_hb72_v16;na_sword_reaches_hb71_v16 F:\Emily_Research_2024\Dam_Temps_Project\ArcGIS_Docs\Centerlines_Nodes_2024\Centerlines_Nodes_2024.gdb\NA_SWORD16_GT100 "x "x" true true false 24 Double 15 23,First,#,na_sword_reaches_hb78_v16,x,-1,-1,na_sword_reaches_hb77_v16,x,-1,-1,na_sword_reaches_hb76_v16,x,-1,-1,na_sword_reaches_hb75_v16,x,-1,-1,na_sword_reaches_hb74_v16,x,-1,-1,na_sword_reaches_hb73_v16,x,-1,-1,na_sword_reaches_hb72_v16,x,-1,-1,na_sword_reaches_hb71_v16,x,-1,-1;y "y" true true false 24 Double 15 23,First,#,na_sword_reaches_hb78_v16,y,-1,-1,na_sword_reaches_hb77_v16,y,-1,-1,na_sword_reaches_hb76_v16,y,-1,-1,na_sword_reaches_hb75_v16,y,-1,-1,na_sword_reaches_hb74_v16,y,-1,-1,na_sword_reaches_hb73_v16,y,-1,-1,na_sword_reaches_hb72_v16,y,-1,-1,na_sword_reaches_hb71_v16,y,-1,-1;reach_id "reach_id" true true false 18 Double 0 18,First,#,na_sword_reaches_hb78_v16,reach_id,-1,-1,na_sword_reaches_hb77_v16,reach_id,-1,-1,na_sword_reaches_hb76_v16,reach_id,-1,-1,na_sword_reaches_hb75_v16,reach_id,-1,-1,na_sword_reaches_hb74_v16,reach_id,-1,-1,na_sword_reaches_hb73_v16,reach_id,-1,-1,na_sword_reaches_hb72_v16,reach_id,-1,-1,na_sword_reaches_hb71_v16,reach_id,-1,-1;reach_len "reach_len" true true false 24 Double 15 23,First,#,na_sword_reaches_hb78_v16,reach_len,-1,-1,na_sword_reaches_hb77_v16,reach_len,-1,-1,na_sword_reaches_hb76_v16,reach_len,-1,-1,na_sword_reaches_hb75_v16,reach_len,-1,-1,na_sword_reaches_hb74_v16,reach_len,-1,-1,na_sword_reaches_hb73_v16,reach_len,-1,-1,na_sword_reaches_hb72_v16,reach_len,-1,-1,na_sword_reaches_hb71_v16,reach_len,-1,-1;n_nodes "n_nodes" true true false 18 Double 0 18,First,#,na_sword_reaches_hb78_v16,n_nodes,-1,-1,na_sword_reaches_hb77_v16,n_nodes,-1,-1,na_sword_reaches_hb76_v16,n_nodes,-1,-1,na_sword_reaches_hb75_v16,n_nodes,-1,-1,na_sword_reaches_hb74_v16,n_nodes,-1,-1,na_sword_reaches_hb73_v16,n_nodes,-1,-1,na_sword_reaches_hb72_v16,n_nodes,-1,-1,na_sword_reaches_hb71_v16,n_nodes,-1,-1;wse "wse" true true false 24 Double 15 23,First,#,na_sword_reaches_hb78_v16,wse,-1,-1,na_sword_reaches_hb77_v16,wse,-1,-1,na_sword_reaches_hb76_v16,wse,-1,-1,na_sword_reaches_hb75_v16,wse,-1,-1,na_sword_reaches_hb74_v16,wse,-1,-1,na_sword_reaches_hb73_v16,wse,-1,-1,na_sword_reaches_hb72_v16,wse,-1,-1,na_sword_reaches_hb71_v16,wse,-1,-1;wse_var "wse_var" true true false 24 Double 15 23,First,#,na_sword_reaches_hb78_v16,wse_var,-1,-1,na_sword_reaches_hb77_v16,wse_var,-1,-1,na_sword_reaches_hb76_v16,wse_var,-1,-1,na_sword_reaches_hb75_v16,wse_var,-1,-1,na_sword_reaches_hb74_v16,wse_var,-1,-1,na_sword_reaches_hb73_v16,wse_var,-1,-1,na_sword_reaches_hb72_v16,wse_var,-1,-1,na_sword_reaches_hb71_v16,wse_var,-1,-1;width "width" true true false 24 Double 15 23,First,#,na_sword_reaches_hb78_v16,width,-1,-1,na_sword_reaches_hb77_v16,width,-1,-1,na_sword_reaches_hb76_v16,width,-1,-1,na_sword_reaches_hb75_v16,width,-1,-1,na_sword_reaches_hb74_v16,width,-1,-1,na_sword_reaches_hb73_v16,width,-1,-1,na_sword_reaches_hb72_v16,width,-1,-1,na_sword_reaches_hb71_v16,width,-1,-1;width_var "width_var" true true false 24 Double 15 23,First,#,na_sword_reaches_hb78_v16,width_var,-1,-1,na_sword_reaches_hb77_v16,width_var,-1,-1,na_sword_reaches_hb76_v16,width_var,-1,-1,na_sword_reaches_hb75_v16,width_var,-1,-1,na_sword_reaches_hb74_v16,width_var,-1,-1,na_sword_reaches_hb73_v16,width_var,-1,-1,na_sword_reaches_hb72_v16,width_var,-1,-1,na_sword_reaches_hb71_v16,width_var,-1,-1;facc "facc" true true false 24 Double 15 23,First,#,na_sword_reaches_hb78_v16,facc,-1,-1,na_sword_reaches_hb77_v16,facc,-1,-1,na_sword_reaches_hb76_v16,facc,-1,-1,na_sword_reaches_hb75_v16,facc,-1,-1,na_sword_reaches_hb74_v16,facc,-1,-1,na_sword_reaches_hb73_v16,facc,-1,-1,na_sword_reaches_hb72_v16,facc,-1,-1,na_sword_reaches_hb71_v16,facc,-1,-1;n_chan_max "n_chan_max" true true false 18 Double 0 18,First,#,na_sword_reaches_hb78_v16,n_chan_max,-1,-1,na_sword_reaches_hb77_v16,n_chan_max,-1,-1,na_sword_reaches_hb76_v16,n_chan_max,-1,-1,na_sword_reaches_hb75_v16,n_chan_max,-1,-1,na_sword_reaches_hb74_v16,n_chan_max,-1,-1,na_sword_reaches_hb73_v16,n_chan_max,-1,-1,na_sword_reaches_hb72_v16,n_chan_max,-1,-1,na_sword_reaches_hb71_v16,n_chan_max,-1,-1;n_chan_mod "n_chan_mod" true true false 18 Double 0 18,First,#,na_sword_reaches_hb78_v16,n_chan_mod,-1,-1,na_sword_reaches_hb77_v16,n_chan_mod,-1,-1,na_sword_reaches_hb76_v16,n_chan_mod,-1,-1,na_sword_reaches_hb75_v16,n_chan_mod,-1,-1,na_sword_reaches_hb74_v16,n_chan_mod,-1,-1,na_sword_reaches_hb73_v16,n_chan_mod,-1,-1,na_sword_reaches_hb72_v16,n_chan_mod,-1,-1,na_sword_reaches_hb71_v16,n_chan_mod,-1,-1;obstr_type "obstr_type" true true false 18 Double 0 18,First,#,na_sword_reaches_hb78_v16,obstr_type,-1,-1,na_sword_reaches_hb77_v16,obstr_type,-1,-1,na_sword_reaches_hb76_v16,obstr_type,-1,-1,na_sword_reaches_hb75_v16,obstr_type,-1,-1,na_sword_reaches_hb74_v16,obstr_type,-1,-1,na_sword_reaches_hb73_v16,obstr_type,-1,-1,na_sword_reaches_hb72_v16,obstr_type,-1,-1,na_sword_reaches_hb71_v16,obstr_type,-1,-1;grod_id "grod_id" true true false 18 Double 0 18,First,#,na_sword_reaches_hb78_v16,grod_id,-1,-1,na_sword_reaches_hb77_v16,grod_id,-1,-1,na_sword_reaches_hb76_v16,grod_id,-1,-1,na_sword_reaches_hb75_v16,grod_id,-1,-1,na_sword_reaches_hb74_v16,grod_id,-1,-1,na_sword_reaches_hb73_v16,grod_id,-1,-1,na_sword_reaches_hb72_v16,grod_id,-1,-1,na_sword_reaches_hb71_v16,grod_id,-1,-1;hfalls_id "hfalls_id" true true false 18 Double 0 18,First,#,na_sword_reaches_hb78_v16,hfalls_id,-1,-1,na_sword_reaches_hb77_v16,hfalls_id,-1,-1,na_sword_reaches_hb76_v16,hfalls_id,-1,-1,na_sword_reaches_hb75_v16,hfalls_id,-1,-1,na_sword_reaches_hb74_v16,hfalls_id,-1,-1,na_sword_reaches_hb73_v16,hfalls_id,-1,-1,na_sword_reaches_hb72_v16,hfalls_id,-1,-1,na_sword_reaches_hb71_v16,hfalls_id,-1,-1;slope "slope" true true false 24 Double 15 23,First,#,na_sword_reaches_hb78_v16,slope,-1,-1,na_sword_reaches_hb77_v16,slope,-1,-1,na_sword_reaches_hb76_v16,slope,-1,-1,na_sword_reaches_hb75_v16,slope,-1,-1,na_sword_reaches_hb74_v16,slope,-1,-1,na_sword_reaches_hb73_v16,slope,-1,-1,na_sword_reaches_hb72_v16,slope,-1,-1,na_sword_reaches_hb71_v16,slope,-1,-1;dist_out "dist_out" true true false 24 Double 15 23,First,#,na_sword_reaches_hb78_v16,dist_out,-1,-1,na_sword_reaches_hb77_v16,dist_out,-1,-1,na_sword_reaches_hb76_v16,dist_out,-1,-1,na_sword_reaches_hb75_v16,dist_out,-1,-1,na_sword_reaches_hb74_v16,dist_out,-1,-1,na_sword_reaches_hb73_v16,dist_out,-1,-1,na_sword_reaches_hb72_v16,dist_out,-1,-1,na_sword_reaches_hb71_v16,dist_out,-1,-1;lakeflag "lakeflag" true true false 18 Double 0 18,First,#,na_sword_reaches_hb78_v16,lakeflag,-1,-1,na_sword_reaches_hb77_v16,lakeflag,-1,-1,na_sword_reaches_hb76_v16,lakeflag,-1,-1,na_sword_reaches_hb75_v16,lakeflag,-1,-1,na_sword_reaches_hb74_v16,lakeflag,-1,-1,na_sword_reaches_hb73_v16,lakeflag,-1,-1,na_sword_reaches_hb72_v16,lakeflag,-1,-1,na_sword_reaches_hb71_v16,lakeflag,-1,-1;max_width "max_width" true true false 24 Double 15 23,First,#,na_sword_reaches_hb78_v16,max_width,-1,-1,na_sword_reaches_hb77_v16,max_width,-1,-1,na_sword_reaches_hb76_v16,max_width,-1,-1,na_sword_reaches_hb75_v16,max_width,-1,-1,na_sword_reaches_hb74_v16,max_width,-1,-1,na_sword_reaches_hb73_v16,max_width,-1,-1,na_sword_reaches_hb72_v16,max_width,-1,-1,na_sword_reaches_hb71_v16,max_width,-1,-1;n_rch_up "n_rch_up" true true false 18 Double 0 18,First,#,na_sword_reaches_hb78_v16,n_rch_up,-1,-1,na_sword_reaches_hb77_v16,n_rch_up,-1,-1,na_sword_reaches_hb76_v16,n_rch_up,-1,-1,na_sword_reaches_hb75_v16,n_rch_up,-1,-1,na_sword_reaches_hb74_v16,n_rch_up,-1,-1,na_sword_reaches_hb73_v16,n_rch_up,-1,-1,na_sword_reaches_hb72_v16,n_rch_up,-1,-1,na_sword_reaches_hb71_v16,n_rch_up,-1,-1;n_rch_dn "n_rch_dn" true true false 18 Double 0 18,First,#,na_sword_reaches_hb78_v16,n_rch_dn,-1,-1,na_sword_reaches_hb77_v16,n_rch_dn,-1,-1,na_sword_reaches_hb76_v16,n_rch_dn,-1,-1,na_sword_reaches_hb75_v16,n_rch_dn,-1,-1,na_sword_reaches_hb74_v16,n_rch_dn,-1,-1,na_sword_reaches_hb73_v16,n_rch_dn,-1,-1,na_sword_reaches_hb72_v16,n_rch_dn,-1,-1,na_sword_reaches_hb71_v16,n_rch_dn,-1,-1;rch_id_up "rch_id_up" true true false 80 Text 0 0,First,#,na_sword_reaches_hb78_v16,rch_id_up,0,80,na_sword_reaches_hb77_v16,rch_id_up,0,80,na_sword_reaches_hb76_v16,rch_id_up,0,80,na_sword_reaches_hb75_v16,rch_id_up,0,80,na_sword_reaches_hb74_v16,rch_id_up,0,80,na_sword_reaches_hb73_v16,rch_id_up,0,80,na_sword_reaches_hb72_v16,rch_id_up,0,80,na_sword_reaches_hb71_v16,rch_id_up,0,80;rch_id_dn "rch_id_dn" true true false 80 Text 0 0,First,#,na_sword_reaches_hb78_v16,rch_id_dn,0,80,na_sword_reaches_hb77_v16,rch_id_dn,0,80,na_sword_reaches_hb76_v16,rch_id_dn,0,80,na_sword_reaches_hb75_v16,rch_id_dn,0,80,na_sword_reaches_hb74_v16,rch_id_dn,0,80,na_sword_reaches_hb73_v16,rch_id_dn,0,80,na_sword_reaches_hb72_v16,rch_id_dn,0,80,na_sword_reaches_hb71_v16,rch_id_dn,0,80;swot_orbit "swot_orbit" true true false 80 Text 0 0,First,#,na_sword_reaches_hb78_v16,swot_orbit,0,80,na_sword_reaches_hb77_v16,swot_orbit,0,80,na_sword_reaches_hb76_v16,swot_orbit,0,80,na_sword_reaches_hb75_v16,swot_orbit,0,80,na_sword_reaches_hb74_v16,swot_orbit,0,80,na_sword_reaches_hb73_v16,swot_orbit,0,80,na_sword_reaches_hb72_v16,swot_orbit,0,80,na_sword_reaches_hb71_v16,swot_orbit,0,80;swot_obs "swot_obs" true true false 18 Double 0 18,First,#,na_sword_reaches_hb78_v16,swot_obs,-1,-1,na_sword_reaches_hb77_v16,swot_obs,-1,-1,na_sword_reaches_hb76_v16,swot_obs,-1,-1,na_sword_reaches_hb75_v16,swot_obs,-1,-1,na_sword_reaches_hb74_v16,swot_obs,-1,-1,na_sword_reaches_hb73_v16,swot_obs,-1,-1,na_sword_reaches_hb72_v16,swot_obs,-1,-1,na_sword_reaches_hb71_v16,swot_obs,-1,-1;type "type" true true false 18 Double 0 18,First,#,na_sword_reaches_hb78_v16,type,-1,-1,na_sword_reaches_hb77_v16,type,-1,-1,na_sword_reaches_hb76_v16,type,-1,-1,na_sword_reaches_hb75_v16,type,-1,-1,na_sword_reaches_hb74_v16,type,-1,-1,na_sword_reaches_hb73_v16,type,-1,-1,na_sword_reaches_hb72_v16,type,-1,-1,na_sword_reaches_hb71_v16,type,-1,-1;river_name "river_name" true true false 80 Text 0 0,First,#,na_sword_reaches_hb78_v16,river_name,0,80,na_sword_reaches_hb77_v16,river_name,0,80,na_sword_reaches_hb76_v16,river_name,0,80,na_sword_reaches_hb75_v16,river_name,0,80,na_sword_reaches_hb74_v16,river_name,0,80,na_sword_reaches_hb73_v16,river_name,0,80,na_sword_reaches_hb72_v16,river_name,0,80,na_sword_reaches_hb71_v16,river_name,0,80;edit_flag "edit_flag" true true false 80 Text 0 0,First,#,na_sword_reaches_hb78_v16,edit_flag,0,80,na_sword_reaches_hb77_v16,edit_flag,0,80,na_sword_reaches_hb76_v16,edit_flag,0,80,na_sword_reaches_hb75_v16,edit_flag,0,80,na_sword_reaches_hb74_v16,edit_flag,0,80,na_sword_reaches_hb73_v16,edit_flag,0,80,na_sword_reaches_hb72_v16,edit_flag,0,80,na_sword_reaches_hb71_v16,edit_flag,0,80;trib_flag "trib_flag" true true false 18 Double 0 18,First,#,na_sword_reaches_hb78_v16,trib_flag,-1,-1,na_sword_reaches_hb77_v16,trib_flag,-1,-1,na_sword_reaches_hb76_v16,trib_flag,-1,-1,na_sword_reaches_hb75_v16,trib_flag,-1,-1,na_sword_reaches_hb74_v16,trib_flag,-1,-1,na_sword_reaches_hb73_v16,trib_flag,-1,-1,na_sword_reaches_hb72_v16,trib_flag,-1,-1,na_sword_reaches_hb71_v16,trib_flag,-1,-1" NO_SOURCE_INFO</Process><Process ToolSource="c:\program files\arcgis\pro\Resources\ArcToolbox\toolboxes\Conversion Tools.tbx\ExportFeatures" Date="20240922" Time="165527">ExportFeatures NA_SWORD16_GT100 F:\Emily_Research_2024\Dam_Temps_Project\Data\NA_SWORD_16_GT100.shp # NOT_USE_ALIAS "x "x" true true false 8 Double 0 0,First,#,NA_SWORD16_GT100,x,-1,-1;y "y" true true false 8 Double 0 0,First,#,NA_SWORD16_GT100,y,-1,-1;reach_id "reach_id" true true false 8 Double 0 0,First,#,NA_SWORD16_GT100,reach_id,-1,-1;reach_len "reach_len" true true false 8 Double 0 0,First,#,NA_SWORD16_GT100,reach_len,-1,-1;n_nodes "n_nodes" true true false 8 Double 0 0,First,#,NA_SWORD16_GT100,n_nodes,-1,-1;wse "wse" true true false 8 Double 0 0,First,#,NA_SWORD16_GT100,wse,-1,-1;wse_var "wse_var" true true false 8 Double 0 0,First,#,NA_SWORD16_GT100,wse_var,-1,-1;width "width" true true false 8 Double 0 0,First,#,NA_SWORD16_GT100,width,-1,-1;width_var "width_var" true true false 8 Double 0 0,First,#,NA_SWORD16_GT100,width_var,-1,-1;facc "facc" true true false 8 Double 0 0,First,#,NA_SWORD16_GT100,facc,-1,-1;n_chan_max "n_chan_max" true true false 8 Double 0 0,First,#,NA_SWORD16_GT100,n_chan_max,-1,-1;n_chan_mod "n_chan_mod" true true false 8 Double 0 0,First,#,NA_SWORD16_GT100,n_chan_mod,-1,-1;obstr_type "obstr_type" true true false 8 Double 0 0,First,#,NA_SWORD16_GT100,obstr_type,-1,-1;grod_id "grod_id" true true false 8 Double 0 0,First,#,NA_SWORD16_GT100,grod_id,-1,-1;hfalls_id "hfalls_id" true true false 8 Double 0 0,First,#,NA_SWORD16_GT100,hfalls_id,-1,-1;slope "slope" true true false 8 Double 0 0,First,#,NA_SWORD16_GT100,slope,-1,-1;dist_out "dist_out" true true false 8 Double 0 0,First,#,NA_SWORD16_GT100,dist_out,-1,-1;lakeflag "lakeflag" true true false 8 Double 0 0,First,#,NA_SWORD16_GT100,lakeflag,-1,-1;max_width "max_width" true true false 8 Double 0 0,First,#,NA_SWORD16_GT100,max_width,-1,-1;n_rch_up "n_rch_up" true true false 8 Double 0 0,First,#,NA_SWORD16_GT100,n_rch_up,-1,-1;n_rch_dn "n_rch_dn" true true false 8 Double 0 0,First,#,NA_SWORD16_GT100,n_rch_dn,-1,-1;rch_id_up "rch_id_up" true true false 80 Text 0 0,First,#,NA_SWORD16_GT100,rch_id_up,0,80;rch_id_dn "rch_id_dn" true true false 80 Text 0 0,First,#,NA_SWORD16_GT100,rch_id_dn,0,80;swot_orbit "swot_orbit" true true false 80 Text 0 0,First,#,NA_SWORD16_GT100,swot_orbit,0,80;swot_obs "swot_obs" true true false 8 Double 0 0,First,#,NA_SWORD16_GT100,swot_obs,-1,-1;type "type" true true false 8 Double 0 0,First,#,NA_SWORD16_GT100,type,-1,-1;river_name "river_name" true true false 80 Text 0 0,First,#,NA_SWORD16_GT100,river_name,0,80;edit_flag "edit_flag" true true false 80 Text 0 0,First,#,NA_SWORD16_GT100,edit_flag,0,80;trib_flag "trib_flag" true true false 8 Double 0 0,First,#,NA_SWORD16_GT100,trib_flag,-1,-1;Shape_Length "Shape_Length" false true true 8 Double 0 0,First,#,NA_SWORD16_GT100,Shape_Length,-1,-1" #</Process><Process ToolSource="c:\program files\arcgis\pro\Resources\ArcToolbox\toolboxes\Conversion Tools.tbx\ExportFeatures" Date="20250730" Time="164600">ExportFeatures NA_SWORD_16_GT100 "C:\Users\eaellis\Documents\Python Scripts\Dam_Temperature_Code_Clean\CSVs_SHPs\NA_SWORD_reach_v16_gt100_map.shp" # NOT_USE_ALIAS "x "x" true true false 19 Double 0 0,First,#,NA_SWORD_16_GT100,x,-1,-1;y "y" true true false 19 Double 0 0,First,#,NA_SWORD_16_GT100,y,-1,-1;reach_id "reach_id" true true false 19 Double 0 0,First,#,NA_SWORD_16_GT100,reach_id,-1,-1;reach_len "reach_len" true true false 19 Double 0 0,First,#,NA_SWORD_16_GT100,reach_len,-1,-1;n_nodes "n_nodes" true true false 19 Double 0 0,First,#,NA_SWORD_16_GT100,n_nodes,-1,-1;wse "wse" true true false 19 Double 0 0,First,#,NA_SWORD_16_GT100,wse,-1,-1;wse_var "wse_var" true true false 19 Double 0 0,First,#,NA_SWORD_16_GT100,wse_var,-1,-1;width "width" true true false 19 Double 0 0,First,#,NA_SWORD_16_GT100,width,-1,-1;width_var "width_var" true true false 19 Double 0 0,First,#,NA_SWORD_16_GT100,width_var,-1,-1;facc "facc" true true false 19 Double 0 0,First,#,NA_SWORD_16_GT100,facc,-1,-1;n_chan_max "n_chan_max" true true false 19 Double 0 0,First,#,NA_SWORD_16_GT100,n_chan_max,-1,-1;n_chan_mod "n_chan_mod" true true false 19 Double 0 0,First,#,NA_SWORD_16_GT100,n_chan_mod,-1,-1;obstr_type "obstr_type" true true false 19 Double 0 0,First,#,NA_SWORD_16_GT100,obstr_type,-1,-1;grod_id "grod_id" true true false 19 Double 0 0,First,#,NA_SWORD_16_GT100,grod_id,-1,-1;hfalls_id "hfalls_id" true true false 19 Double 0 0,First,#,NA_SWORD_16_GT100,hfalls_id,-1,-1;slope "slope" true true false 19 Double 0 0,First,#,NA_SWORD_16_GT100,slope,-1,-1;dist_out "dist_out" true true false 19 Double 0 0,First,#,NA_SWORD_16_GT100,dist_out,-1,-1;lakeflag "lakeflag" true true false 19 Double 0 0,First,#,NA_SWORD_16_GT100,lakeflag,-1,-1;max_width "max_width" true true false 19 Double 0 0,First,#,NA_SWORD_16_GT100,max_width,-1,-1;n_rch_up "n_rch_up" true true false 19 Double 0 0,First,#,NA_SWORD_16_GT100,n_rch_up,-1,-1;n_rch_dn "n_rch_dn" true true false 19 Double 0 0,First,#,NA_SWORD_16_GT100,n_rch_dn,-1,-1;rch_id_up "rch_id_up" true true false 80 Text 0 0,First,#,NA_SWORD_16_GT100,rch_id_up,0,80;rch_id_dn "rch_id_dn" true true false 80 Text 0 0,First,#,NA_SWORD_16_GT100,rch_id_dn,0,80;swot_orbit "swot_orbit" true true false 80 Text 0 0,First,#,NA_SWORD_16_GT100,swot_orbit,0,80;swot_obs "swot_obs" true true false 19 Double 0 0,First,#,NA_SWORD_16_GT100,swot_obs,-1,-1;type "type" true true false 19 Double 0 0,First,#,NA_SWORD_16_GT100,type,-1,-1;river_name "river_name" true true false 80 Text 0 0,First,#,NA_SWORD_16_GT100,river_name,0,80;edit_flag "edit_flag" true true false 80 Text 0 0,First,#,NA_SWORD_16_GT100,edit_flag,0,80;trib_flag "trib_flag" true true false 19 Double 0 0,First,#,NA_SWORD_16_GT100,trib_flag,-1,-1;Shape_Leng "Shape_Leng" true true false 19 Double 0 0,First,#,NA_SWORD_16_GT100,Shape_Leng,-1,-1" #</Process></lineage></DataProperties><SyncDate>20250730</SyncDate><SyncTime>16460000</SyncTime><ModDate>20250730</ModDate><ModTime>16460000</ModTime></Esri><dataIdInfo><envirDesc Sync="TRUE">Microsoft Windows 10 Version 10.0 (Build 26100) ; Esri ArcGIS 13.0.0.36056</envirDesc><dataLang><languageCode value="eng" Sync="TRUE"></languageCode><countryCode value="USA" Sync="TRUE"></countryCode></dataLang><idCitation><resTitle Sync="TRUE">NA_SWORD_reach_v16_gt100_map</resTitle><presForm><PresFormCd value="005" Sync="TRUE"></PresFormCd></presForm></idCitation><spatRpType><SpatRepTypCd value="001" Sync="TRUE"></SpatRepTypCd></spatRpType></dataIdInfo><mdLang><languageCode value="eng" Sync="TRUE"></languageCode><countryCode value="USA" Sync="TRUE"></countryCode></mdLang><distInfo><distFormat><formatName Sync="TRUE">Shapefile</formatName></distFormat><distTranOps><transSize Sync="TRUE">0.000</transSize></distTranOps></distInfo><mdHrLv><ScopeCd value="005" Sync="TRUE"></ScopeCd></mdHrLv><mdHrLvName Sync="TRUE">dataset</mdHrLvName><refSysInfo><RefSystem><refSysID><identCode code="4326" Sync="TRUE"></identCode><idCodeSpace Sync="TRUE">EPSG</idCodeSpace><idVersion Sync="TRUE">6.2(3.0.1)</idVersion></refSysID></RefSystem></refSysInfo><spatRepInfo><VectSpatRep><geometObjs Name="NA_SWORD_reach_v16_gt100_map"><geoObjTyp><GeoObjTypCd value="002" Sync="TRUE"></GeoObjTypCd></geoObjTyp><geoObjCnt Sync="TRUE">0</geoObjCnt></geometObjs><topLvl><TopoLevCd value="001" Sync="TRUE"></TopoLevCd></topLvl></VectSpatRep></spatRepInfo><spdoinfo><ptvctinf><esriterm Name="NA_SWORD_reach_v16_gt100_map"><efeatyp Sync="TRUE">Simple</efeatyp><efeageom code="3" Sync="TRUE"></efeageom><esritopo Sync="TRUE">FALSE</esritopo><efeacnt Sync="TRUE">0</efeacnt><spindex Sync="TRUE">FALSE</spindex><linrefer Sync="TRUE">FALSE</linrefer></esriterm></ptvctinf></spdoinfo><eainfo><detailed Name="NA_SWORD_reach_v16_gt100_map"><enttyp><enttypl Sync="TRUE">NA_SWORD_reach_v16_gt100_map</enttypl><enttypt Sync="TRUE">Feature Class</enttypt><enttypc Sync="TRUE">0</enttypc></enttyp><attr><attrlabl Sync="TRUE">FID</attrlabl><attalias Sync="TRUE">FID</attalias><attrtype Sync="TRUE">OID</attrtype><attwidth Sync="TRUE">4</attwidth><atprecis Sync="TRUE">0</atprecis><attscale Sync="TRUE">0</attscale><attrdef Sync="TRUE">Internal feature number.</attrdef><attrdefs Sync="TRUE">Esri</attrdefs><attrdomv><udom Sync="TRUE">Sequential unique whole numbers that are automatically generated.</udom></attrdomv></attr><attr><attrlabl Sync="TRUE">Shape</attrlabl><attalias Sync="TRUE">Shape</attalias><attrtype Sync="TRUE">Geometry</attrtype><attwidth Sync="TRUE">0</attwidth><atprecis Sync="TRUE">0</atprecis><attscale Sync="TRUE">0</attscale><attrdef Sync="TRUE">Feature geometry.</attrdef><attrdefs Sync="TRUE">Esri</attrdefs><attrdomv><udom Sync="TRUE">Coordinates defining the features.</udom></attrdomv></attr><attr><attrlabl Sync="TRUE">x</attrlabl><attalias Sync="TRUE">x</attalias><attrtype Sync="TRUE">Double</attrtype><attwidth Sync="TRUE">19</attwidth><atprecis Sync="TRUE">0</atprecis><attscale Sync="TRUE">0</attscale></attr><attr><attrlabl Sync="TRUE">y</attrlabl><attalias Sync="TRUE">y</attalias><attrtype Sync="TRUE">Double</attrtype><attwidth Sync="TRUE">19</attwidth><atprecis Sync="TRUE">0</atprecis><attscale Sync="TRUE">0</attscale></attr><attr><attrlabl Sync="TRUE">reach_id</attrlabl><attalias Sync="TRUE">reach_id</attalias><attrtype Sync="TRUE">Double</attrtype><attwidth Sync="TRUE">19</attwidth><atprecis Sync="TRUE">0</atprecis><attscale Sync="TRUE">0</attscale></attr><attr><attrlabl Sync="TRUE">reach_len</attrlabl><attalias Sync="TRUE">reach_len</attalias><attrtype Sync="TRUE">Double</attrtype><attwidth Sync="TRUE">19</attwidth><atprecis Sync="TRUE">0</atprecis><attscale Sync="TRUE">0</attscale></attr><attr><attrlabl Sync="TRUE">n_nodes</attrlabl><attalias Sync="TRUE">n_nodes</attalias><attrtype Sync="TRUE">Double</attrtype><attwidth Sync="TRUE">19</attwidth><atprecis Sync="TRUE">0</atprecis><attscale Sync="TRUE">0</attscale></attr><attr><attrlabl Sync="TRUE">wse</attrlabl><attalias Sync="TRUE">wse</attalias><attrtype Sync="TRUE">Double</attrtype><attwidth Sync="TRUE">19</attwidth><atprecis Sync="TRUE">0</atprecis><attscale Sync="TRUE">0</attscale></attr><attr><attrlabl Sync="TRUE">wse_var</attrlabl><attalias Sync="TRUE">wse_var</attalias><attrtype Sync="TRUE">Double</attrtype><attwidth Sync="TRUE">19</attwidth><atprecis Sync="TRUE">0</atprecis><attscale Sync="TRUE">0</attscale></attr><attr><attrlabl Sync="TRUE">width</attrlabl><attalias Sync="TRUE">width</attalias><attrtype Sync="TRUE">Double</attrtype><attwidth Sync="TRUE">19</attwidth><atprecis Sync="TRUE">0</atprecis><attscale Sync="TRUE">0</attscale></attr><attr><attrlabl Sync="TRUE">width_var</attrlabl><attalias Sync="TRUE">width_var</attalias><attrtype Sync="TRUE">Double</attrtype><attwidth Sync="TRUE">19</attwidth><atprecis Sync="TRUE">0</atprecis><attscale Sync="TRUE">0</attscale></attr><attr><attrlabl Sync="TRUE">facc</attrlabl><attalias Sync="TRUE">facc</attalias><attrtype Sync="TRUE">Double</attrtype><attwidth Sync="TRUE">19</attwidth><atprecis Sync="TRUE">0</atprecis><attscale Sync="TRUE">0</attscale></attr><attr><attrlabl Sync="TRUE">n_chan_max</attrlabl><attalias Sync="TRUE">n_chan_max</attalias><attrtype Sync="TRUE">Double</attrtype><attwidth Sync="TRUE">19</attwidth><atprecis Sync="TRUE">0</atprecis><attscale Sync="TRUE">0</attscale></attr><attr><attrlabl Sync="TRUE">n_chan_mod</attrlabl><attalias Sync="TRUE">n_chan_mod</attalias><attrtype Sync="TRUE">Double</attrtype><attwidth Sync="TRUE">19</attwidth><atprecis Sync="TRUE">0</atprecis><attscale Sync="TRUE">0</attscale></attr><attr><attrlabl Sync="TRUE">obstr_type</attrlabl><attalias Sync="TRUE">obstr_type</attalias><attrtype Sync="TRUE">Double</attrtype><attwidth Sync="TRUE">19</attwidth><atprecis Sync="TRUE">0</atprecis><attscale Sync="TRUE">0</attscale></attr><attr><attrlabl Sync="TRUE">grod_id</attrlabl><attalias Sync="TRUE">grod_id</attalias><attrtype Sync="TRUE">Double</attrtype><attwidth Sync="TRUE">19</attwidth><atprecis Sync="TRUE">0</atprecis><attscale Sync="TRUE">0</attscale></attr><attr><attrlabl Sync="TRUE">hfalls_id</attrlabl><attalias Sync="TRUE">hfalls_id</attalias><attrtype Sync="TRUE">Double</attrtype><attwidth Sync="TRUE">19</attwidth><atprecis Sync="TRUE">0</atprecis><attscale Sync="TRUE">0</attscale></attr><attr><attrlabl Sync="TRUE">slope</attrlabl><attalias Sync="TRUE">slope</attalias><attrtype Sync="TRUE">Double</attrtype><attwidth Sync="TRUE">19</attwidth><atprecis Sync="TRUE">0</atprecis><attscale Sync="TRUE">0</attscale></attr><attr><attrlabl Sync="TRUE">dist_out</attrlabl><attalias Sync="TRUE">dist_out</attalias><attrtype Sync="TRUE">Double</attrtype><attwidth Sync="TRUE">19</attwidth><atprecis Sync="TRUE">0</atprecis><attscale Sync="TRUE">0</attscale></attr><attr><attrlabl Sync="TRUE">lakeflag</attrlabl><attalias Sync="TRUE">lakeflag</attalias><attrtype Sync="TRUE">Double</attrtype><attwidth Sync="TRUE">19</attwidth><atprecis Sync="TRUE">0</atprecis><attscale Sync="TRUE">0</attscale></attr><attr><attrlabl Sync="TRUE">max_width</attrlabl><attalias Sync="TRUE">max_width</attalias><attrtype Sync="TRUE">Double</attrtype><attwidth Sync="TRUE">19</attwidth><atprecis Sync="TRUE">0</atprecis><attscale Sync="TRUE">0</attscale></attr><attr><attrlabl Sync="TRUE">n_rch_up</attrlabl><attalias Sync="TRUE">n_rch_up</attalias><attrtype Sync="TRUE">Double</attrtype><attwidth Sync="TRUE">19</attwidth><atprecis Sync="TRUE">0</atprecis><attscale Sync="TRUE">0</attscale></attr><attr><attrlabl Sync="TRUE">n_rch_dn</attrlabl><attalias Sync="TRUE">n_rch_dn</attalias><attrtype Sync="TRUE">Double</attrtype><attwidth Sync="TRUE">19</attwidth><atprecis Sync="TRUE">0</atprecis><attscale Sync="TRUE">0</attscale></attr><attr><attrlabl Sync="TRUE">rch_id_up</attrlabl><attalias Sync="TRUE">rch_id_up</attalias><attrtype Sync="TRUE">String</attrtype><attwidth Sync="TRUE">80</attwidth><atprecis Sync="TRUE">0</atprecis><attscale Sync="TRUE">0</attscale></attr><attr><attrlabl Sync="TRUE">rch_id_dn</attrlabl><attalias Sync="TRUE">rch_id_dn</attalias><attrtype Sync="TRUE">String</attrtype><attwidth Sync="TRUE">80</attwidth><atprecis Sync="TRUE">0</atprecis><attscale Sync="TRUE">0</attscale></attr><attr><attrlabl Sync="TRUE">swot_orbit</attrlabl><attalias Sync="TRUE">swot_orbit</attalias><attrtype Sync="TRUE">String</attrtype><attwidth Sync="TRUE">80</attwidth><atprecis Sync="TRUE">0</atprecis><attscale Sync="TRUE">0</attscale></attr><attr><attrlabl Sync="TRUE">swot_obs</attrlabl><attalias Sync="TRUE">swot_obs</attalias><attrtype Sync="TRUE">Double</attrtype><attwidth Sync="TRUE">19</attwidth><atprecis Sync="TRUE">0</atprecis><attscale Sync="TRUE">0</attscale></attr><attr><attrlabl Sync="TRUE">type</attrlabl><attalias Sync="TRUE">type</attalias><attrtype Sync="TRUE">Double</attrtype><attwidth Sync="TRUE">19</attwidth><atprecis Sync="TRUE">0</atprecis><attscale Sync="TRUE">0</attscale></attr><attr><attrlabl Sync="TRUE">river_name</attrlabl><attalias Sync="TRUE">river_name</attalias><attrtype Sync="TRUE">String</attrtype><attwidth Sync="TRUE">80</attwidth><atprecis Sync="TRUE">0</atprecis><attscale Sync="TRUE">0</attscale></attr><attr><attrlabl Sync="TRUE">edit_flag</attrlabl><attalias Sync="TRUE">edit_flag</attalias><attrtype Sync="TRUE">String</attrtype><attwidth Sync="TRUE">80</attwidth><atprecis Sync="TRUE">0</atprecis><attscale Sync="TRUE">0</attscale></attr><attr><attrlabl Sync="TRUE">trib_flag</attrlabl><attalias Sync="TRUE">trib_flag</attalias><attrtype Sync="TRUE">Double</attrtype><attwidth Sync="TRUE">19</attwidth><atprecis Sync="TRUE">0</atprecis><attscale Sync="TRUE">0</attscale></attr><attr><attrlabl Sync="TRUE">Shape_Leng</attrlabl><attalias Sync="TRUE">Shape_Leng</attalias><attrtype Sync="TRUE">Double</attrtype><attwidth Sync="TRUE">19</attwidth><atprecis Sync="TRUE">0</atprecis><attscale Sync="TRUE">0</attscale></attr></detailed></eainfo><mdDateSt Sync="TRUE">20250730</mdDateSt></metadata>
