<metadata xml:lang="en"><Esri><CreaDate>20240510</CreaDate><CreaTime>10383500</CreaTime><ArcGISFormat>1.0</ArcGISFormat><SyncOnce>FALSE</SyncOnce><DataProperties><lineage><Process ToolSource="c:\program files\arcgis\pro\Resources\ArcToolbox\toolboxes\Data Management Tools.tbx\UpdateSchema" Date="20240510" Time="103835">UpdateSchema "CIMDATA=&lt;CIMStandardDataConnection xsi:type='typens:CIMStandardDataConnection' xmlns:xsi='http://www.w3.org/2001/XMLSchema-instance' xmlns:xs='http://www.w3.org/2001/XMLSchema' xmlns:typens='http://www.esri.com/schemas/ArcGIS/3.0.0'&gt;&lt;WorkspaceConnectionString&gt;DATABASE=F:\Emily_Research_2024\Dam_Temps_Project\R_Docs\Dam_Temps_24\Data\Data_Outputs&lt;/WorkspaceConnectionString&gt;&lt;WorkspaceFactory&gt;Shapefile&lt;/WorkspaceFactory&gt;&lt;Dataset&gt;Dams_Investigated.shp&lt;/Dataset&gt;&lt;DatasetType&gt;esriDTFeatureClass&lt;/DatasetType&gt;&lt;/CIMStandardDataConnection&gt;" &lt;operationSequence&gt;&lt;workflow&gt;&lt;AddField&gt;&lt;field_name&gt;Inspected&lt;/field_name&gt;&lt;field_type&gt;TEXT&lt;/field_type&gt;&lt;field_length&gt;255&lt;/field_length&gt;&lt;field_is_nullable&gt;False&lt;/field_is_nullable&gt;&lt;field_is_required&gt;False&lt;/field_is_required&gt;&lt;/AddField&gt;&lt;/workflow&gt;&lt;workflow&gt;&lt;AddField&gt;&lt;field_name&gt;Issue&lt;/field_name&gt;&lt;field_type&gt;TEXT&lt;/field_type&gt;&lt;field_length&gt;255&lt;/field_length&gt;&lt;field_is_nullable&gt;False&lt;/field_is_nullable&gt;&lt;field_is_required&gt;False&lt;/field_is_required&gt;&lt;/AddField&gt;&lt;/workflow&gt;&lt;workflow&gt;&lt;AddField&gt;&lt;field_name&gt;Notes&lt;/field_name&gt;&lt;field_type&gt;TEXT&lt;/field_type&gt;&lt;field_length&gt;255&lt;/field_length&gt;&lt;field_is_nullable&gt;False&lt;/field_is_nullable&gt;&lt;field_is_required&gt;False&lt;/field_is_required&gt;&lt;/AddField&gt;&lt;/workflow&gt;&lt;/operationSequence&gt;</Process><Process ToolSource="c:\program files\arcgis\pro\Resources\ArcToolbox\toolboxes\Conversion Tools.tbx\ExportFeatures" Date="20240519" Time="152202">ExportFeatures Dams_Investigated F:\Emily_Research_2024\Dam_Temps_Project\ArcGIS_Docs\Centerlines_Nodes_2024\Centerlines_Nodes_2024.gdb\Dams_Manual_Clean # NOT_USE_ALIAS "grod_id "grod_id" true true false 24 Double 15 23,First,#,Dams_Investigated,grod_id,-1,-1;type "type" true true false 80 Text 0 0,First,#,Dams_Investigated,type,0,80;lon "lon" true true false 24 Double 15 23,First,#,Dams_Investigated,lon,-1,-1;lat "lat" true true false 24 Double 15 23,First,#,Dams_Investigated,lat,-1,-1;clsst_r "clsst_r" true true false 24 Double 15 23,First,#,Dams_Investigated,clsst_r,-1,-1;clsst_n "clsst_n" true true false 24 Double 15 23,First,#,Dams_Investigated,clsst_n,-1,-1;Inspected "Inspected" true true false 254 Text 0 0,First,#,Dams_Investigated,Inspected,0,254;Issue "Issue" true true false 254 Text 0 0,First,#,Dams_Investigated,Issue,0,254;Notes "Notes" true true false 254 Text 0 0,First,#,Dams_Investigated,Notes,0,254" #</Process><Process ToolSource="c:\program files\arcgis\pro\Resources\ArcToolbox\toolboxes\Data Management Tools.tbx\UpdateSchema" Date="20240520" Time="104512">UpdateSchema "CIMDATA=&lt;CIMStandardDataConnection xsi:type='typens:CIMStandardDataConnection' xmlns:xsi='http://www.w3.org/2001/XMLSchema-instance' xmlns:xs='http://www.w3.org/2001/XMLSchema' xmlns:typens='http://www.esri.com/schemas/ArcGIS/3.0.0'&gt;&lt;WorkspaceConnectionString&gt;DATABASE=F:\Emily_Research_2024\Dam_Temps_Project\ArcGIS_Docs\Centerlines_Nodes_2024\Centerlines_Nodes_2024.gdb&lt;/WorkspaceConnectionString&gt;&lt;WorkspaceFactory&gt;FileGDB&lt;/WorkspaceFactory&gt;&lt;Dataset&gt;Dams_Manual_Clean&lt;/Dataset&gt;&lt;DatasetType&gt;esriDTFeatureClass&lt;/DatasetType&gt;&lt;/CIMStandardDataConnection&gt;" &lt;operationSequence&gt;&lt;workflow&gt;&lt;AddField&gt;&lt;field_name&gt;Fixed&lt;/field_name&gt;&lt;field_type&gt;TEXT&lt;/field_type&gt;&lt;field_length&gt;255&lt;/field_length&gt;&lt;field_is_nullable&gt;True&lt;/field_is_nullable&gt;&lt;field_is_required&gt;False&lt;/field_is_required&gt;&lt;/AddField&gt;&lt;/workflow&gt;&lt;/operationSequence&gt;</Process><Process ToolSource="c:\program files\arcgis\pro\Resources\ArcToolbox\toolboxes\Data Management Tools.tbx\CalculateField" Date="20240524" Time="180508">CalculateField Dams_Manual_Clean Fixed None "Python 3" # Text NO_ENFORCE_DOMAINS</Process><Process ToolSource="c:\program files\arcgis\pro\Resources\ArcToolbox\toolboxes\Conversion Tools.tbx\ExportFeatures" Date="20240526" Time="164203">ExportFeatures Dams_Manual_Clean F:\Emily_Research_2024\Dam_Temps_Project\ArcGIS_Docs\Centerlines_Nodes_2024\Study_Dams_Final.shp # NOT_USE_ALIAS "grod_id "grod_id" true true false 8 Double 0 0,First,#,Dams_Manual_Clean,grod_id,-1,-1;type "type" true true false 80 Text 0 0,First,#,Dams_Manual_Clean,type,0,80;lon "lon" true true false 8 Double 0 0,First,#,Dams_Manual_Clean,lon,-1,-1;lat "lat" true true false 8 Double 0 0,First,#,Dams_Manual_Clean,lat,-1,-1;clsst_r "clsst_r" true true false 8 Double 0 0,First,#,Dams_Manual_Clean,clsst_r,-1,-1;clsst_n "clsst_n" true true false 8 Double 0 0,First,#,Dams_Manual_Clean,clsst_n,-1,-1;Inspected "Inspected" true true false 254 Text 0 0,First,#,Dams_Manual_Clean,Inspected,0,254;Issue "Issue" true true false 254 Text 0 0,First,#,Dams_Manual_Clean,Issue,0,254;Notes "Notes" true true false 254 Text 0 0,First,#,Dams_Manual_Clean,Notes,0,254;Fixed "Fixed" true true false 255 Text 0 0,First,#,Dams_Manual_Clean,Fixed,0,255" #</Process><Process ToolSource="c:\program files\arcgis\pro\Resources\ArcToolbox\toolboxes\Data Management Tools.tbx\UpdateSchema" Date="20240526" Time="164320">UpdateSchema "CIMDATA=&lt;CIMStandardDataConnection xsi:type='typens:CIMStandardDataConnection' xmlns:xsi='http://www.w3.org/2001/XMLSchema-instance' xmlns:xs='http://www.w3.org/2001/XMLSchema' xmlns:typens='http://www.esri.com/schemas/ArcGIS/3.0.0'&gt;&lt;WorkspaceConnectionString&gt;DATABASE=F:\Emily_Research_2024\Dam_Temps_Project\ArcGIS_Docs\Centerlines_Nodes_2024&lt;/WorkspaceConnectionString&gt;&lt;WorkspaceFactory&gt;Shapefile&lt;/WorkspaceFactory&gt;&lt;Dataset&gt;Study_Dams_Final&lt;/Dataset&gt;&lt;DatasetType&gt;esriDTFeatureClass&lt;/DatasetType&gt;&lt;/CIMStandardDataConnection&gt;" &lt;operationSequence&gt;&lt;workflow&gt;&lt;DeleteField&gt;&lt;field_name&gt;Inspected&lt;/field_name&gt;&lt;field_name&gt;Fixed&lt;/field_name&gt;&lt;/DeleteField&gt;&lt;/workflow&gt;&lt;/operationSequence&gt;</Process><Process ToolSource="c:\program files\arcgis\pro\Resources\ArcToolbox\toolboxes\Data Management Tools.tbx\UpdateSchema" Date="20240526" Time="165120">UpdateSchema "CIMDATA=&lt;CIMStandardDataConnection xsi:type='typens:CIMStandardDataConnection' xmlns:xsi='http://www.w3.org/2001/XMLSchema-instance' xmlns:xs='http://www.w3.org/2001/XMLSchema' xmlns:typens='http://www.esri.com/schemas/ArcGIS/3.0.0'&gt;&lt;WorkspaceConnectionString&gt;DATABASE=F:\Emily_Research_2024\Dam_Temps_Project\ArcGIS_Docs\Centerlines_Nodes_2024&lt;/WorkspaceConnectionString&gt;&lt;WorkspaceFactory&gt;Shapefile&lt;/WorkspaceFactory&gt;&lt;Dataset&gt;Study_Dams_Final&lt;/Dataset&gt;&lt;DatasetType&gt;esriDTFeatureClass&lt;/DatasetType&gt;&lt;/CIMStandardDataConnection&gt;" &lt;operationSequence&gt;&lt;workflow&gt;&lt;DeleteField&gt;&lt;field_name&gt;Issue&lt;/field_name&gt;&lt;/DeleteField&gt;&lt;/workflow&gt;&lt;/operationSequence&gt;</Process><Process ToolSource="c:\program files\arcgis\pro\Resources\ArcToolbox\toolboxes\Data Management Tools.tbx\CalculateField" Date="20240526" Time="165611">CalculateField Study_Dams_Final Notes '' "Python 3" # Text NO_ENFORCE_DOMAINS</Process><Process ToolSource="c:\program files\arcgis\pro\Resources\ArcToolbox\toolboxes\Data Management Tools.tbx\CalculateField" Date="20240526" Time="165727">CalculateField Study_Dams_Final Notes '' "Python 3" # Text NO_ENFORCE_DOMAINS</Process><Process ToolSource="c:\program files\arcgis\pro\Resources\ArcToolbox\toolboxes\Data Management Tools.tbx\CalculateField" Date="20240526" Time="170048">CalculateField Study_Dams_Final Notes '' "Python 3" # Text NO_ENFORCE_DOMAINS</Process><Process ToolSource="c:\program files\arcgis\pro\Resources\ArcToolbox\toolboxes\Data Management Tools.tbx\CalculateField" Date="20240526" Time="170724">CalculateField Study_Dams_Final Notes '' "Python 3" # Text NO_ENFORCE_DOMAINS</Process><Process ToolSource="c:\program files\arcgis\pro\Resources\ArcToolbox\toolboxes\Data Management Tools.tbx\CalculateField" Date="20240526" Time="171159">CalculateField Study_Dams_Final Notes '' "Python 3" # Text NO_ENFORCE_DOMAINS</Process><Process ToolSource="c:\program files\arcgis\pro\Resources\ArcToolbox\toolboxes\Data Management Tools.tbx\CalculateField" Date="20240526" Time="171636">CalculateField Study_Dams_Final Notes '' "Python 3" # Text NO_ENFORCE_DOMAINS</Process><Process ToolSource="c:\program files\arcgis\pro\Resources\ArcToolbox\toolboxes\Data Management Tools.tbx\CalculateField" Date="20240526" Time="171829">CalculateField Study_Dams_Final Notes '' "Python 3" # Text NO_ENFORCE_DOMAINS</Process><Process ToolSource="c:\program files\arcgis\pro\Resources\ArcToolbox\toolboxes\Data Management Tools.tbx\CalculateField" Date="20240526" Time="171927">CalculateField Study_Dams_Final Notes '' "Python 3" # Text NO_ENFORCE_DOMAINS</Process><Process ToolSource="c:\program files\arcgis\pro\Resources\ArcToolbox\toolboxes\Analysis Tools.tbx\SpatialJoin" Date="20250119" Time="115608">SpatialJoin Archived\Study_Dams_Final Archived\HILARRI_Selected C:\Users\eaellis\Documents\ArcGIS\Projects\Dam_Project_2025_Updates\Dam_Project_2025_Updates.gdb\Hydro_Dams_SpatialJoin "Join one to one" KEEP_ALL "grod_id "grod_id" true true false 19 Double 0 0,First,#,Archived\Study_Dams_Final,grod_id,-1,-1;type "type" true true false 80 Text 0 0,First,#,Archived\Study_Dams_Final,type,0,80;lon "lon" true true false 19 Double 0 0,First,#,Archived\Study_Dams_Final,lon,-1,-1;lat "lat" true true false 19 Double 0 0,First,#,Archived\Study_Dams_Final,lat,-1,-1;clsst_r "clsst_r" true true false 19 Double 0 0,First,#,Archived\Study_Dams_Final,clsst_r,-1,-1;clsst_n "clsst_n" true true false 19 Double 0 0,First,#,Archived\Study_Dams_Final,clsst_n,-1,-1;Notes "Notes" true true false 254 Text 0 0,First,#,Archived\Study_Dams_Final,Notes,0,254;fid_ "fid" true true false 4 Long 0 0,First,#,Archived\HILARRI_Selected,fid,-1,-1;hilarriid "hilarriid" true true false 4 Long 0 0,First,#,Archived\HILARRI_Selected,hilarriid,-1,-1;nididfull "nididfull" true true false 8000 Text 0 0,First,#,Archived\HILARRI_Selected,nididfull,0,8000;nidid "nidid" true true false 8000 Text 0 0,First,#,Archived\HILARRI_Selected,nidid,0,8000;otrstrctid "otrstrctid" true true false 8000 Text 0 0,First,#,Archived\HILARRI_Selected,otrstrctid,0,8000;grand_id "grand_id" true true false 4 Long 0 0,First,#,Archived\HILARRI_Selected,grand_id,-1,-1;dam_name "dam_name" true true false 8000 Text 0 0,First,#,Archived\HILARRI_Selected,dam_name,0,8000;longitude "longitude" true true false 8 Double 0 0,First,#,Archived\HILARRI_Selected,longitude,-1,-1;latitude "latitude" true true false 8 Double 0 0,First,#,Archived\HILARRI_Selected,latitude,-1,-1;loc_type "loc_type" true true false 8000 Text 0 0,First,#,Archived\HILARRI_Selected,loc_type,0,8000;state "state" true true false 8000 Text 0 0,First,#,Archived\HILARRI_Selected,state,0,8000;loc_flag "loc_flag" true true false 8000 Text 0 0,First,#,Archived\HILARRI_Selected,loc_flag,0,8000;eha_cmplx "eha_cmplx" true true false 8000 Text 0 0,First,#,Archived\HILARRI_Selected,eha_cmplx,0,8000;eha_ptid "eha_ptid" true true false 8000 Text 0 0,First,#,Archived\HILARRI_Selected,eha_ptid,0,8000;pt_name "pt_name" true true false 8000 Text 0 0,First,#,Archived\HILARRI_Selected,pt_name,0,8000;pt_lat "pt_lat" true true false 8 Double 0 0,First,#,Archived\HILARRI_Selected,pt_lat,-1,-1;pt_lon "pt_lon" true true false 8 Double 0 0,First,#,Archived\HILARRI_Selected,pt_lon,-1,-1;eia_ptid "eia_ptid" true true false 4 Long 0 0,First,#,Archived\HILARRI_Selected,eia_ptid,-1,-1;fcdocket "fcdocket" true true false 8000 Text 0 0,First,#,Archived\HILARRI_Selected,fcdocket,0,8000;nhdv2comid "nhdv2comid" true true false 4 Long 0 0,First,#,Archived\HILARRI_Selected,nhdv2comid,-1,-1;nhdwbcomid "nhdwbcomid" true true false 4 Long 0 0,First,#,Archived\HILARRI_Selected,nhdwbcomid,-1,-1;nhdwbflag "nhdwbflag" true true false 8000 Text 0 0,First,#,Archived\HILARRI_Selected,nhdwbflag,0,8000;hylake_id "hylake_id" true true false 4 Long 0 0,First,#,Archived\HILARRI_Selected,hylake_id,-1,-1;hylakeflag "hylakeflag" true true false 8000 Text 0 0,First,#,Archived\HILARRI_Selected,hylakeflag,0,8000;lagoslkid "lagoslkid" true true false 4 Long 0 0,First,#,Archived\HILARRI_Selected,lagoslkid,-1,-1;lagosflag "lagosflag" true true false 8000 Text 0 0,First,#,Archived\HILARRI_Selected,lagosflag,0,8000;nhdhr_id "nhdhr_id" true true false 8000 Text 0 0,First,#,Archived\HILARRI_Selected,nhdhr_id,0,8000;nhdhr_flag "nhdhr_flag" true true false 8000 Text 0 0,First,#,Archived\HILARRI_Selected,nhdhr_flag,0,8000;huc_12 "huc_12" true true false 8 Double 0 0,First,#,Archived\HILARRI_Selected,huc_12,-1,-1;huc_02 "huc_02" true true false 4 Long 0 0,First,#,Archived\HILARRI_Selected,huc_02,-1,-1;ehadamflag "ehadamflag" true true false 8000 Text 0 0,First,#,Archived\HILARRI_Selected,ehadamflag,0,8000;statusflag "statusflag" true true false 8000 Text 0 0,First,#,Archived\HILARRI_Selected,statusflag,0,8000;ra2012_fla "ra2012_flag" true true false 8000 Text 0 0,First,#,Archived\HILARRI_Selected,ra2012_flag,0,8000;pipestatus "pipestatus" true true false 8000 Text 0 0,First,#,Archived\HILARRI_Selected,pipestatus,0,8000;ret_year "ret_year" true true false 4 Long 0 0,First,#,Archived\HILARRI_Selected,ret_year,-1,-1;ar_rem_id "ar_rem_id" true true false 8000 Text 0 0,First,#,Archived\HILARRI_Selected,ar_rem_id,0,8000;rem_year "rem_year" true true false 4 Long 0 0,First,#,Archived\HILARRI_Selected,rem_year,-1,-1;dataset "dataset" true true false 8000 Text 0 0,First,#,Archived\HILARRI_Selected,dataset,0,8000;qa_notes "qa_notes" true true false 8000 Text 0 0,First,#,Archived\HILARRI_Selected,qa_notes,0,8000" Closest "1000 Meters" #</Process><Process ToolSource="c:\program files\arcgis\pro\Resources\ArcToolbox\toolboxes\Conversion Tools.tbx\ExportFeatures" Date="20250119" Time="115703">ExportFeatures C:\Users\eaellis\Documents\ArcGIS\Projects\Dam_Project_2025_Updates\Dam_Project_2025_Updates.gdb\Hydro_Dams_SpatialJoin F:\Emily_Research_2024\Dam_Temps_Project\Final_Base_Data\Hydro_Dams_2025_Update\Grod_INT_Hydro_Dams_Clean.shp # NOT_USE_ALIAS "Join_Count "Join_Count" true true false 4 Long 0 0,First,#,C:\Users\eaellis\Documents\ArcGIS\Projects\Dam_Project_2025_Updates\Dam_Project_2025_Updates.gdb\Hydro_Dams_SpatialJoin,Join_Count,-1,-1;TARGET_FID "TARGET_FID" true true false 4 Long 0 0,First,#,C:\Users\eaellis\Documents\ArcGIS\Projects\Dam_Project_2025_Updates\Dam_Project_2025_Updates.gdb\Hydro_Dams_SpatialJoin,TARGET_FID,-1,-1;grod_id "grod_id" true true false 8 Double 0 0,First,#,C:\Users\eaellis\Documents\ArcGIS\Projects\Dam_Project_2025_Updates\Dam_Project_2025_Updates.gdb\Hydro_Dams_SpatialJoin,grod_id,-1,-1;type "type" true true false 80 Text 0 0,First,#,C:\Users\eaellis\Documents\ArcGIS\Projects\Dam_Project_2025_Updates\Dam_Project_2025_Updates.gdb\Hydro_Dams_SpatialJoin,type,0,80;lon "lon" true true false 8 Double 0 0,First,#,C:\Users\eaellis\Documents\ArcGIS\Projects\Dam_Project_2025_Updates\Dam_Project_2025_Updates.gdb\Hydro_Dams_SpatialJoin,lon,-1,-1;lat "lat" true true false 8 Double 0 0,First,#,C:\Users\eaellis\Documents\ArcGIS\Projects\Dam_Project_2025_Updates\Dam_Project_2025_Updates.gdb\Hydro_Dams_SpatialJoin,lat,-1,-1;clsst_r "clsst_r" true true false 8 Double 0 0,First,#,C:\Users\eaellis\Documents\ArcGIS\Projects\Dam_Project_2025_Updates\Dam_Project_2025_Updates.gdb\Hydro_Dams_SpatialJoin,clsst_r,-1,-1;clsst_n "clsst_n" true true false 8 Double 0 0,First,#,C:\Users\eaellis\Documents\ArcGIS\Projects\Dam_Project_2025_Updates\Dam_Project_2025_Updates.gdb\Hydro_Dams_SpatialJoin,clsst_n,-1,-1;Notes "Notes" true true false 254 Text 0 0,First,#,C:\Users\eaellis\Documents\ArcGIS\Projects\Dam_Project_2025_Updates\Dam_Project_2025_Updates.gdb\Hydro_Dams_SpatialJoin,Notes,0,254;fid_ "fid" true true false 4 Long 0 0,First,#,C:\Users\eaellis\Documents\ArcGIS\Projects\Dam_Project_2025_Updates\Dam_Project_2025_Updates.gdb\Hydro_Dams_SpatialJoin,fid_,-1,-1;hilarriid "hilarriid" true true false 4 Long 0 0,First,#,C:\Users\eaellis\Documents\ArcGIS\Projects\Dam_Project_2025_Updates\Dam_Project_2025_Updates.gdb\Hydro_Dams_SpatialJoin,hilarriid,-1,-1;nididfull "nididfull" true true false 8000 Text 0 0,First,#,C:\Users\eaellis\Documents\ArcGIS\Projects\Dam_Project_2025_Updates\Dam_Project_2025_Updates.gdb\Hydro_Dams_SpatialJoin,nididfull,0,8000;nidid "nidid" true true false 8000 Text 0 0,First,#,C:\Users\eaellis\Documents\ArcGIS\Projects\Dam_Project_2025_Updates\Dam_Project_2025_Updates.gdb\Hydro_Dams_SpatialJoin,nidid,0,8000;otrstrctid "otrstrctid" true true false 8000 Text 0 0,First,#,C:\Users\eaellis\Documents\ArcGIS\Projects\Dam_Project_2025_Updates\Dam_Project_2025_Updates.gdb\Hydro_Dams_SpatialJoin,otrstrctid,0,8000;grand_id "grand_id" true true false 4 Long 0 0,First,#,C:\Users\eaellis\Documents\ArcGIS\Projects\Dam_Project_2025_Updates\Dam_Project_2025_Updates.gdb\Hydro_Dams_SpatialJoin,grand_id,-1,-1;dam_name "dam_name" true true false 8000 Text 0 0,First,#,C:\Users\eaellis\Documents\ArcGIS\Projects\Dam_Project_2025_Updates\Dam_Project_2025_Updates.gdb\Hydro_Dams_SpatialJoin,dam_name,0,8000;longitude "longitude" true true false 8 Double 0 0,First,#,C:\Users\eaellis\Documents\ArcGIS\Projects\Dam_Project_2025_Updates\Dam_Project_2025_Updates.gdb\Hydro_Dams_SpatialJoin,longitude,-1,-1;latitude "latitude" true true false 8 Double 0 0,First,#,C:\Users\eaellis\Documents\ArcGIS\Projects\Dam_Project_2025_Updates\Dam_Project_2025_Updates.gdb\Hydro_Dams_SpatialJoin,latitude,-1,-1;loc_type "loc_type" true true false 8000 Text 0 0,First,#,C:\Users\eaellis\Documents\ArcGIS\Projects\Dam_Project_2025_Updates\Dam_Project_2025_Updates.gdb\Hydro_Dams_SpatialJoin,loc_type,0,8000;state "state" true true false 8000 Text 0 0,First,#,C:\Users\eaellis\Documents\ArcGIS\Projects\Dam_Project_2025_Updates\Dam_Project_2025_Updates.gdb\Hydro_Dams_SpatialJoin,state,0,8000;loc_flag "loc_flag" true true false 8000 Text 0 0,First,#,C:\Users\eaellis\Documents\ArcGIS\Projects\Dam_Project_2025_Updates\Dam_Project_2025_Updates.gdb\Hydro_Dams_SpatialJoin,loc_flag,0,8000;eha_cmplx "eha_cmplx" true true false 8000 Text 0 0,First,#,C:\Users\eaellis\Documents\ArcGIS\Projects\Dam_Project_2025_Updates\Dam_Project_2025_Updates.gdb\Hydro_Dams_SpatialJoin,eha_cmplx,0,8000;eha_ptid "eha_ptid" true true false 8000 Text 0 0,First,#,C:\Users\eaellis\Documents\ArcGIS\Projects\Dam_Project_2025_Updates\Dam_Project_2025_Updates.gdb\Hydro_Dams_SpatialJoin,eha_ptid,0,8000;pt_name "pt_name" true true false 8000 Text 0 0,First,#,C:\Users\eaellis\Documents\ArcGIS\Projects\Dam_Project_2025_Updates\Dam_Project_2025_Updates.gdb\Hydro_Dams_SpatialJoin,pt_name,0,8000;pt_lat "pt_lat" true true false 8 Double 0 0,First,#,C:\Users\eaellis\Documents\ArcGIS\Projects\Dam_Project_2025_Updates\Dam_Project_2025_Updates.gdb\Hydro_Dams_SpatialJoin,pt_lat,-1,-1;pt_lon "pt_lon" true true false 8 Double 0 0,First,#,C:\Users\eaellis\Documents\ArcGIS\Projects\Dam_Project_2025_Updates\Dam_Project_2025_Updates.gdb\Hydro_Dams_SpatialJoin,pt_lon,-1,-1;eia_ptid "eia_ptid" true true false 4 Long 0 0,First,#,C:\Users\eaellis\Documents\ArcGIS\Projects\Dam_Project_2025_Updates\Dam_Project_2025_Updates.gdb\Hydro_Dams_SpatialJoin,eia_ptid,-1,-1;fcdocket "fcdocket" true true false 8000 Text 0 0,First,#,C:\Users\eaellis\Documents\ArcGIS\Projects\Dam_Project_2025_Updates\Dam_Project_2025_Updates.gdb\Hydro_Dams_SpatialJoin,fcdocket,0,8000;nhdv2comid "nhdv2comid" true true false 4 Long 0 0,First,#,C:\Users\eaellis\Documents\ArcGIS\Projects\Dam_Project_2025_Updates\Dam_Project_2025_Updates.gdb\Hydro_Dams_SpatialJoin,nhdv2comid,-1,-1;nhdwbcomid "nhdwbcomid" true true false 4 Long 0 0,First,#,C:\Users\eaellis\Documents\ArcGIS\Projects\Dam_Project_2025_Updates\Dam_Project_2025_Updates.gdb\Hydro_Dams_SpatialJoin,nhdwbcomid,-1,-1;nhdwbflag "nhdwbflag" true true false 8000 Text 0 0,First,#,C:\Users\eaellis\Documents\ArcGIS\Projects\Dam_Project_2025_Updates\Dam_Project_2025_Updates.gdb\Hydro_Dams_SpatialJoin,nhdwbflag,0,8000;hylake_id "hylake_id" true true false 4 Long 0 0,First,#,C:\Users\eaellis\Documents\ArcGIS\Projects\Dam_Project_2025_Updates\Dam_Project_2025_Updates.gdb\Hydro_Dams_SpatialJoin,hylake_id,-1,-1;hylakeflag "hylakeflag" true true false 8000 Text 0 0,First,#,C:\Users\eaellis\Documents\ArcGIS\Projects\Dam_Project_2025_Updates\Dam_Project_2025_Updates.gdb\Hydro_Dams_SpatialJoin,hylakeflag,0,8000;lagoslkid "lagoslkid" true true false 4 Long 0 0,First,#,C:\Users\eaellis\Documents\ArcGIS\Projects\Dam_Project_2025_Updates\Dam_Project_2025_Updates.gdb\Hydro_Dams_SpatialJoin,lagoslkid,-1,-1;lagosflag "lagosflag" true true false 8000 Text 0 0,First,#,C:\Users\eaellis\Documents\ArcGIS\Projects\Dam_Project_2025_Updates\Dam_Project_2025_Updates.gdb\Hydro_Dams_SpatialJoin,lagosflag,0,8000;nhdhr_id "nhdhr_id" true true false 8000 Text 0 0,First,#,C:\Users\eaellis\Documents\ArcGIS\Projects\Dam_Project_2025_Updates\Dam_Project_2025_Updates.gdb\Hydro_Dams_SpatialJoin,nhdhr_id,0,8000;nhdhr_flag "nhdhr_flag" true true false 8000 Text 0 0,First,#,C:\Users\eaellis\Documents\ArcGIS\Projects\Dam_Project_2025_Updates\Dam_Project_2025_Updates.gdb\Hydro_Dams_SpatialJoin,nhdhr_flag,0,8000;huc_12 "huc_12" true true false 8 Double 0 0,First,#,C:\Users\eaellis\Documents\ArcGIS\Projects\Dam_Project_2025_Updates\Dam_Project_2025_Updates.gdb\Hydro_Dams_SpatialJoin,huc_12,-1,-1;huc_02 "huc_02" true true false 4 Long 0 0,First,#,C:\Users\eaellis\Documents\ArcGIS\Projects\Dam_Project_2025_Updates\Dam_Project_2025_Updates.gdb\Hydro_Dams_SpatialJoin,huc_02,-1,-1;ehadamflag "ehadamflag" true true false 8000 Text 0 0,First,#,C:\Users\eaellis\Documents\ArcGIS\Projects\Dam_Project_2025_Updates\Dam_Project_2025_Updates.gdb\Hydro_Dams_SpatialJoin,ehadamflag,0,8000;statusflag "statusflag" true true false 8000 Text 0 0,First,#,C:\Users\eaellis\Documents\ArcGIS\Projects\Dam_Project_2025_Updates\Dam_Project_2025_Updates.gdb\Hydro_Dams_SpatialJoin,statusflag,0,8000;ra2012_fla "ra2012_flag" true true false 8000 Text 0 0,First,#,C:\Users\eaellis\Documents\ArcGIS\Projects\Dam_Project_2025_Updates\Dam_Project_2025_Updates.gdb\Hydro_Dams_SpatialJoin,ra2012_fla,0,8000;pipestatus "pipestatus" true true false 8000 Text 0 0,First,#,C:\Users\eaellis\Documents\ArcGIS\Projects\Dam_Project_2025_Updates\Dam_Project_2025_Updates.gdb\Hydro_Dams_SpatialJoin,pipestatus,0,8000;ret_year "ret_year" true true false 4 Long 0 0,First,#,C:\Users\eaellis\Documents\ArcGIS\Projects\Dam_Project_2025_Updates\Dam_Project_2025_Updates.gdb\Hydro_Dams_SpatialJoin,ret_year,-1,-1;ar_rem_id "ar_rem_id" true true false 8000 Text 0 0,First,#,C:\Users\eaellis\Documents\ArcGIS\Projects\Dam_Project_2025_Updates\Dam_Project_2025_Updates.gdb\Hydro_Dams_SpatialJoin,ar_rem_id,0,8000;rem_year "rem_year" true true false 4 Long 0 0,First,#,C:\Users\eaellis\Documents\ArcGIS\Projects\Dam_Project_2025_Updates\Dam_Project_2025_Updates.gdb\Hydro_Dams_SpatialJoin,rem_year,-1,-1;dataset "dataset" true true false 8000 Text 0 0,First,#,C:\Users\eaellis\Documents\ArcGIS\Projects\Dam_Project_2025_Updates\Dam_Project_2025_Updates.gdb\Hydro_Dams_SpatialJoin,dataset,0,8000;qa_notes "qa_notes" true true false 8000 Text 0 0,First,#,C:\Users\eaellis\Documents\ArcGIS\Projects\Dam_Project_2025_Updates\Dam_Project_2025_Updates.gdb\Hydro_Dams_SpatialJoin,qa_notes,0,8000" #</Process><Process ToolSource="c:\program files\arcgis\pro\Resources\ArcToolbox\toolboxes\Conversion Tools.tbx\ExportFeatures" Date="20250730" Time="155625">ExportFeatures Grod_INT_Hydro_Dams_Clean "C:\Users\eaellis\Documents\Python Scripts\Dam_Temperature_Code_Clean\CSVs_SHPs\Study_Dams.shp" # NOT_USE_ALIAS "Join_Count "Join_Count" true true false 10 Long 0 10,First,#,Grod_INT_Hydro_Dams_Clean,Join_Count,-1,-1;TARGET_FID "TARGET_FID" true true false 10 Long 0 10,First,#,Grod_INT_Hydro_Dams_Clean,TARGET_FID,-1,-1;grod_id "grod_id" true true false 19 Double 0 0,First,#,Grod_INT_Hydro_Dams_Clean,grod_id,-1,-1;type "type" true true false 80 Text 0 0,First,#,Grod_INT_Hydro_Dams_Clean,type,0,80;lon "lon" true true false 19 Double 0 0,First,#,Grod_INT_Hydro_Dams_Clean,lon,-1,-1;lat "lat" true true false 19 Double 0 0,First,#,Grod_INT_Hydro_Dams_Clean,lat,-1,-1;clsst_r "clsst_r" true true false 19 Double 0 0,First,#,Grod_INT_Hydro_Dams_Clean,clsst_r,-1,-1;clsst_n "clsst_n" true true false 19 Double 0 0,First,#,Grod_INT_Hydro_Dams_Clean,clsst_n,-1,-1;Notes "Notes" true true false 254 Text 0 0,First,#,Grod_INT_Hydro_Dams_Clean,Notes,0,254;fid_ "fid_" true true false 10 Long 0 10,First,#,Grod_INT_Hydro_Dams_Clean,fid_,-1,-1;hilarriid "hilarriid" true true false 10 Long 0 10,First,#,Grod_INT_Hydro_Dams_Clean,hilarriid,-1,-1;nididfull "nididfull" true true false 254 Text 0 0,First,#,Grod_INT_Hydro_Dams_Clean,nididfull,0,254;nidid "nidid" true true false 254 Text 0 0,First,#,Grod_INT_Hydro_Dams_Clean,nidid,0,254;otrstrctid "otrstrctid" true true false 254 Text 0 0,First,#,Grod_INT_Hydro_Dams_Clean,otrstrctid,0,254;grand_id "grand_id" true true false 10 Long 0 10,First,#,Grod_INT_Hydro_Dams_Clean,grand_id,-1,-1;dam_name "dam_name" true true false 254 Text 0 0,First,#,Grod_INT_Hydro_Dams_Clean,dam_name,0,254;longitude "longitude" true true false 19 Double 0 0,First,#,Grod_INT_Hydro_Dams_Clean,longitude,-1,-1;latitude "latitude" true true false 19 Double 0 0,First,#,Grod_INT_Hydro_Dams_Clean,latitude,-1,-1;loc_type "loc_type" true true false 254 Text 0 0,First,#,Grod_INT_Hydro_Dams_Clean,loc_type,0,254;state "state" true true false 254 Text 0 0,First,#,Grod_INT_Hydro_Dams_Clean,state,0,254;loc_flag "loc_flag" true true false 254 Text 0 0,First,#,Grod_INT_Hydro_Dams_Clean,loc_flag,0,254;eha_cmplx "eha_cmplx" true true false 254 Text 0 0,First,#,Grod_INT_Hydro_Dams_Clean,eha_cmplx,0,254;eha_ptid "eha_ptid" true true false 254 Text 0 0,First,#,Grod_INT_Hydro_Dams_Clean,eha_ptid,0,254;pt_name "pt_name" true true false 254 Text 0 0,First,#,Grod_INT_Hydro_Dams_Clean,pt_name,0,254;pt_lat "pt_lat" true true false 19 Double 0 0,First,#,Grod_INT_Hydro_Dams_Clean,pt_lat,-1,-1;pt_lon "pt_lon" true true false 19 Double 0 0,First,#,Grod_INT_Hydro_Dams_Clean,pt_lon,-1,-1;eia_ptid "eia_ptid" true true false 10 Long 0 10,First,#,Grod_INT_Hydro_Dams_Clean,eia_ptid,-1,-1;fcdocket "fcdocket" true true false 254 Text 0 0,First,#,Grod_INT_Hydro_Dams_Clean,fcdocket,0,254;nhdv2comid "nhdv2comid" true true false 10 Long 0 10,First,#,Grod_INT_Hydro_Dams_Clean,nhdv2comid,-1,-1;nhdwbcomid "nhdwbcomid" true true false 10 Long 0 10,First,#,Grod_INT_Hydro_Dams_Clean,nhdwbcomid,-1,-1;nhdwbflag "nhdwbflag" true true false 254 Text 0 0,First,#,Grod_INT_Hydro_Dams_Clean,nhdwbflag,0,254;hylake_id "hylake_id" true true false 10 Long 0 10,First,#,Grod_INT_Hydro_Dams_Clean,hylake_id,-1,-1;hylakeflag "hylakeflag" true true false 254 Text 0 0,First,#,Grod_INT_Hydro_Dams_Clean,hylakeflag,0,254;lagoslkid "lagoslkid" true true false 10 Long 0 10,First,#,Grod_INT_Hydro_Dams_Clean,lagoslkid,-1,-1;lagosflag "lagosflag" true true false 254 Text 0 0,First,#,Grod_INT_Hydro_Dams_Clean,lagosflag,0,254;nhdhr_id "nhdhr_id" true true false 254 Text 0 0,First,#,Grod_INT_Hydro_Dams_Clean,nhdhr_id,0,254;nhdhr_flag "nhdhr_flag" true true false 254 Text 0 0,First,#,Grod_INT_Hydro_Dams_Clean,nhdhr_flag,0,254;huc_12 "huc_12" true true false 19 Double 0 0,First,#,Grod_INT_Hydro_Dams_Clean,huc_12,-1,-1;huc_02 "huc_02" true true false 10 Long 0 10,First,#,Grod_INT_Hydro_Dams_Clean,huc_02,-1,-1;ehadamflag "ehadamflag" true true false 254 Text 0 0,First,#,Grod_INT_Hydro_Dams_Clean,ehadamflag,0,254;statusflag "statusflag" true true false 254 Text 0 0,First,#,Grod_INT_Hydro_Dams_Clean,statusflag,0,254;ra2012_fla "ra2012_fla" true true false 254 Text 0 0,First,#,Grod_INT_Hydro_Dams_Clean,ra2012_fla,0,254;pipestatus "pipestatus" true true false 254 Text 0 0,First,#,Grod_INT_Hydro_Dams_Clean,pipestatus,0,254;ret_year "ret_year" true true false 10 Long 0 10,First,#,Grod_INT_Hydro_Dams_Clean,ret_year,-1,-1;ar_rem_id "ar_rem_id" true true false 254 Text 0 0,First,#,Grod_INT_Hydro_Dams_Clean,ar_rem_id,0,254;rem_year "rem_year" true true false 10 Long 0 10,First,#,Grod_INT_Hydro_Dams_Clean,rem_year,-1,-1;dataset "dataset" true true false 254 Text 0 0,First,#,Grod_INT_Hydro_Dams_Clean,dataset,0,254;qa_notes "qa_notes" true true false 254 Text 0 0,First,#,Grod_INT_Hydro_Dams_Clean,qa_notes,0,254" #</Process><Process ToolSource="c:\program files\arcgis\pro\Resources\ArcToolbox\toolboxes\Data Management Tools.tbx\DeleteField" Date="20250730" Time="160119">DeleteField Study_Dams Join_Count;TARGET_FID;Notes;fid_;nidid;loc_type;state;loc_flag;eha_cmplx;eha_ptid;pt_name;pt_lat;pt_lon;eia_ptid;fcdocket;nhdv2comid;nhdwbcomid;nhdwbflag;hylake_id;hylakeflag;lagoslkid;lagosflag;nhdhr_id;nhdhr_flag;huc_12;huc_02;ehadamflag;statusflag;ra2012_fla;pipestatus;ret_year;ar_rem_id;rem_year;qa_notes "Delete Fields"</Process><Process ToolSource="c:\program files\arcgis\pro\Resources\ArcToolbox\toolboxes\Data Management Tools.tbx\DeleteField" Date="20250730" Time="160147">DeleteField Study_Dams qa_notes;rem_year;ar_rem_id;ret_year;pipestatus;ra2012_fla;statusflag;ehadamflag;huc_02;huc_12;nhdhr_flag;nhdhr_id;lagosflag;lagoslkid;hylakeflag;hylake_id;nhdwbflag;nhdwbcomid;nhdv2comid;fcdocket;eia_ptid;pt_lon;pt_lat;pt_name;eha_ptid;eha_cmplx;loc_flag;state;loc_type;nidid;fid_;Notes;TARGET_FID;Join_Count;otrstrctid;longitude;latitude "Delete Fields"</Process></lineage><itemProps><itemName Sync="TRUE">Study_Dams</itemName><imsContentType Sync="TRUE">002</imsContentType><itemLocation><linkage Sync="TRUE">file://\\GEOSVT000435837\C$\Users\eaellis\Documents\Python Scripts\Dam_Temperature_Code_Clean\CSVs_SHPs\Study_Dams.shp</linkage><protocol Sync="TRUE">Local Area Network</protocol></itemLocation><itemSize Sync="TRUE">0.000</itemSize></itemProps><coordRef><type Sync="TRUE">Geographic</type><geogcsn Sync="TRUE">GCS_WGS_1984</geogcsn><csUnits Sync="TRUE">Angular Unit: Degree (0.017453)</csUnits><peXml Sync="TRUE">&lt;GeographicCoordinateSystem xsi:type='typens:GeographicCoordinateSystem' xmlns:xsi='http://www.w3.org/2001/XMLSchema-instance' xmlns:xs='http://www.w3.org/2001/XMLSchema' xmlns:typens='http://www.esri.com/schemas/ArcGIS/3.0.0'&gt;&lt;WKT&gt;GEOGCS[&amp;quot;GCS_WGS_1984&amp;quot;,DATUM[&amp;quot;D_WGS_1984&amp;quot;,SPHEROID[&amp;quot;WGS_1984&amp;quot;,6378137.0,298.257223563]],PRIMEM[&amp;quot;Greenwich&amp;quot;,0.0],UNIT[&amp;quot;Degree&amp;quot;,0.0174532925199433],AUTHORITY[&amp;quot;EPSG&amp;quot;,4326]]&lt;/WKT&gt;&lt;XOrigin&gt;-400&lt;/XOrigin&gt;&lt;YOrigin&gt;-400&lt;/YOrigin&gt;&lt;XYScale&gt;11258999068426.238&lt;/XYScale&gt;&lt;ZOrigin&gt;-100000&lt;/ZOrigin&gt;&lt;ZScale&gt;10000&lt;/ZScale&gt;&lt;MOrigin&gt;-100000&lt;/MOrigin&gt;&lt;MScale&gt;10000&lt;/MScale&gt;&lt;XYTolerance&gt;8.983152841195215e-09&lt;/XYTolerance&gt;&lt;ZTolerance&gt;0.001&lt;/ZTolerance&gt;&lt;MTolerance&gt;0.001&lt;/MTolerance&gt;&lt;HighPrecision&gt;true&lt;/HighPrecision&gt;&lt;LeftLongitude&gt;-180&lt;/LeftLongitude&gt;&lt;WKID&gt;4326&lt;/WKID&gt;&lt;LatestWKID&gt;4326&lt;/LatestWKID&gt;&lt;/GeographicCoordinateSystem&gt;</peXml></coordRef></DataProperties><SyncDate>20250730</SyncDate><SyncTime>15562500</SyncTime><ModDate>20250730</ModDate><ModTime>15562500</ModTime></Esri><dataIdInfo><envirDesc Sync="TRUE">Microsoft Windows 10 Version 10.0 (Build 26100) ; Esri ArcGIS 13.0.0.36056</envirDesc><dataLang><languageCode value="eng" Sync="TRUE"></languageCode><countryCode value="USA" Sync="TRUE"></countryCode></dataLang><idCitation><resTitle Sync="TRUE">Study_Dams</resTitle><presForm><PresFormCd value="005" Sync="TRUE"></PresFormCd></presForm></idCitation><spatRpType><SpatRepTypCd value="001" Sync="TRUE"></SpatRepTypCd></spatRpType></dataIdInfo><mdLang><languageCode value="eng" Sync="TRUE"></languageCode><countryCode value="USA" Sync="TRUE"></countryCode></mdLang><distInfo><distFormat><formatName Sync="TRUE">Shapefile</formatName></distFormat><distTranOps><transSize Sync="TRUE">0.000</transSize></distTranOps></distInfo><mdHrLv><ScopeCd value="005" Sync="TRUE"></ScopeCd></mdHrLv><mdHrLvName Sync="TRUE">dataset</mdHrLvName><refSysInfo><RefSystem><refSysID><identCode code="4326" Sync="TRUE"></identCode><idCodeSpace Sync="TRUE">EPSG</idCodeSpace><idVersion Sync="TRUE">6.2(3.0.1)</idVersion></refSysID></RefSystem></refSysInfo><spatRepInfo><VectSpatRep><geometObjs Name="Study_Dams"><geoObjTyp><GeoObjTypCd value="004" Sync="TRUE"></GeoObjTypCd></geoObjTyp><geoObjCnt Sync="TRUE">0</geoObjCnt></geometObjs><topLvl><TopoLevCd value="001" Sync="TRUE"></TopoLevCd></topLvl></VectSpatRep></spatRepInfo><spdoinfo><ptvctinf><esriterm Name="Study_Dams"><efeatyp Sync="TRUE">Simple</efeatyp><efeageom code="1" Sync="TRUE"></efeageom><esritopo Sync="TRUE">FALSE</esritopo><efeacnt Sync="TRUE">0</efeacnt><spindex Sync="TRUE">FALSE</spindex><linrefer Sync="TRUE">FALSE</linrefer></esriterm></ptvctinf></spdoinfo><eainfo><detailed Name="Study_Dams"><enttyp><enttypl Sync="TRUE">Study_Dams</enttypl><enttypt Sync="TRUE">Feature Class</enttypt><enttypc Sync="TRUE">0</enttypc></enttyp><attr><attrlabl Sync="TRUE">FID</attrlabl><attalias Sync="TRUE">FID</attalias><attrtype Sync="TRUE">OID</attrtype><attwidth Sync="TRUE">4</attwidth><atprecis Sync="TRUE">0</atprecis><attscale Sync="TRUE">0</attscale><attrdef Sync="TRUE">Internal feature number.</attrdef><attrdefs Sync="TRUE">Esri</attrdefs><attrdomv><udom Sync="TRUE">Sequential unique whole numbers that are automatically generated.</udom></attrdomv></attr><attr><attrlabl Sync="TRUE">Shape</attrlabl><attalias Sync="TRUE">Shape</attalias><attrtype Sync="TRUE">Geometry</attrtype><attwidth Sync="TRUE">0</attwidth><atprecis Sync="TRUE">0</atprecis><attscale Sync="TRUE">0</attscale><attrdef Sync="TRUE">Feature geometry.</attrdef><attrdefs Sync="TRUE">Esri</attrdefs><attrdomv><udom Sync="TRUE">Coordinates defining the features.</udom></attrdomv></attr><attr><attrlabl Sync="TRUE">Join_Count</attrlabl><attalias Sync="TRUE">Join_Count</attalias><attrtype Sync="TRUE">Integer</attrtype><attwidth Sync="TRUE">10</attwidth><atprecis Sync="TRUE">10</atprecis><attscale Sync="TRUE">0</attscale></attr><attr><attrlabl Sync="TRUE">TARGET_FID</attrlabl><attalias Sync="TRUE">TARGET_FID</attalias><attrtype Sync="TRUE">Integer</attrtype><attwidth Sync="TRUE">10</attwidth><atprecis Sync="TRUE">10</atprecis><attscale Sync="TRUE">0</attscale></attr><attr><attrlabl Sync="TRUE">grod_id</attrlabl><attalias Sync="TRUE">grod_id</attalias><attrtype Sync="TRUE">Double</attrtype><attwidth Sync="TRUE">19</attwidth><atprecis Sync="TRUE">0</atprecis><attscale Sync="TRUE">0</attscale></attr><attr><attrlabl Sync="TRUE">type</attrlabl><attalias Sync="TRUE">type</attalias><attrtype Sync="TRUE">String</attrtype><attwidth Sync="TRUE">80</attwidth><atprecis Sync="TRUE">0</atprecis><attscale Sync="TRUE">0</attscale></attr><attr><attrlabl Sync="TRUE">lon</attrlabl><attalias Sync="TRUE">lon</attalias><attrtype Sync="TRUE">Double</attrtype><attwidth Sync="TRUE">19</attwidth><atprecis Sync="TRUE">0</atprecis><attscale Sync="TRUE">0</attscale></attr><attr><attrlabl Sync="TRUE">lat</attrlabl><attalias Sync="TRUE">lat</attalias><attrtype Sync="TRUE">Double</attrtype><attwidth Sync="TRUE">19</attwidth><atprecis Sync="TRUE">0</atprecis><attscale Sync="TRUE">0</attscale></attr><attr><attrlabl Sync="TRUE">clsst_r</attrlabl><attalias Sync="TRUE">clsst_r</attalias><attrtype Sync="TRUE">Double</attrtype><attwidth Sync="TRUE">19</attwidth><atprecis Sync="TRUE">0</atprecis><attscale Sync="TRUE">0</attscale></attr><attr><attrlabl Sync="TRUE">clsst_n</attrlabl><attalias Sync="TRUE">clsst_n</attalias><attrtype Sync="TRUE">Double</attrtype><attwidth Sync="TRUE">19</attwidth><atprecis Sync="TRUE">0</atprecis><attscale Sync="TRUE">0</attscale></attr><attr><attrlabl Sync="TRUE">Notes</attrlabl><attalias Sync="TRUE">Notes</attalias><attrtype Sync="TRUE">String</attrtype><attwidth Sync="TRUE">254</attwidth><atprecis Sync="TRUE">0</atprecis><attscale Sync="TRUE">0</attscale></attr><attr><attrlabl Sync="TRUE">fid_</attrlabl><attalias Sync="TRUE">fid_</attalias><attrtype Sync="TRUE">Integer</attrtype><attwidth Sync="TRUE">10</attwidth><atprecis Sync="TRUE">10</atprecis><attscale Sync="TRUE">0</attscale></attr><attr><attrlabl Sync="TRUE">hilarriid</attrlabl><attalias Sync="TRUE">hilarriid</attalias><attrtype Sync="TRUE">Integer</attrtype><attwidth Sync="TRUE">10</attwidth><atprecis Sync="TRUE">10</atprecis><attscale Sync="TRUE">0</attscale></attr><attr><attrlabl Sync="TRUE">nididfull</attrlabl><attalias Sync="TRUE">nididfull</attalias><attrtype Sync="TRUE">String</attrtype><attwidth Sync="TRUE">254</attwidth><atprecis Sync="TRUE">0</atprecis><attscale Sync="TRUE">0</attscale></attr><attr><attrlabl Sync="TRUE">nidid</attrlabl><attalias Sync="TRUE">nidid</attalias><attrtype Sync="TRUE">String</attrtype><attwidth Sync="TRUE">254</attwidth><atprecis Sync="TRUE">0</atprecis><attscale Sync="TRUE">0</attscale></attr><attr><attrlabl Sync="TRUE">otrstrctid</attrlabl><attalias Sync="TRUE">otrstrctid</attalias><attrtype Sync="TRUE">String</attrtype><attwidth Sync="TRUE">254</attwidth><atprecis Sync="TRUE">0</atprecis><attscale Sync="TRUE">0</attscale></attr><attr><attrlabl Sync="TRUE">grand_id</attrlabl><attalias Sync="TRUE">grand_id</attalias><attrtype Sync="TRUE">Integer</attrtype><attwidth Sync="TRUE">10</attwidth><atprecis Sync="TRUE">10</atprecis><attscale Sync="TRUE">0</attscale></attr><attr><attrlabl Sync="TRUE">dam_name</attrlabl><attalias Sync="TRUE">dam_name</attalias><attrtype Sync="TRUE">String</attrtype><attwidth Sync="TRUE">254</attwidth><atprecis Sync="TRUE">0</atprecis><attscale Sync="TRUE">0</attscale></attr><attr><attrlabl Sync="TRUE">longitude</attrlabl><attalias Sync="TRUE">longitude</attalias><attrtype Sync="TRUE">Double</attrtype><attwidth Sync="TRUE">19</attwidth><atprecis Sync="TRUE">0</atprecis><attscale Sync="TRUE">0</attscale></attr><attr><attrlabl Sync="TRUE">latitude</attrlabl><attalias Sync="TRUE">latitude</attalias><attrtype Sync="TRUE">Double</attrtype><attwidth Sync="TRUE">19</attwidth><atprecis Sync="TRUE">0</atprecis><attscale Sync="TRUE">0</attscale></attr><attr><attrlabl Sync="TRUE">loc_type</attrlabl><attalias Sync="TRUE">loc_type</attalias><attrtype Sync="TRUE">String</attrtype><attwidth Sync="TRUE">254</attwidth><atprecis Sync="TRUE">0</atprecis><attscale Sync="TRUE">0</attscale></attr><attr><attrlabl Sync="TRUE">state</attrlabl><attalias Sync="TRUE">state</attalias><attrtype Sync="TRUE">String</attrtype><attwidth Sync="TRUE">254</attwidth><atprecis Sync="TRUE">0</atprecis><attscale Sync="TRUE">0</attscale></attr><attr><attrlabl Sync="TRUE">loc_flag</attrlabl><attalias Sync="TRUE">loc_flag</attalias><attrtype Sync="TRUE">String</attrtype><attwidth Sync="TRUE">254</attwidth><atprecis Sync="TRUE">0</atprecis><attscale Sync="TRUE">0</attscale></attr><attr><attrlabl Sync="TRUE">eha_cmplx</attrlabl><attalias Sync="TRUE">eha_cmplx</attalias><attrtype Sync="TRUE">String</attrtype><attwidth Sync="TRUE">254</attwidth><atprecis Sync="TRUE">0</atprecis><attscale Sync="TRUE">0</attscale></attr><attr><attrlabl Sync="TRUE">eha_ptid</attrlabl><attalias Sync="TRUE">eha_ptid</attalias><attrtype Sync="TRUE">String</attrtype><attwidth Sync="TRUE">254</attwidth><atprecis Sync="TRUE">0</atprecis><attscale Sync="TRUE">0</attscale></attr><attr><attrlabl Sync="TRUE">pt_name</attrlabl><attalias Sync="TRUE">pt_name</attalias><attrtype Sync="TRUE">String</attrtype><attwidth Sync="TRUE">254</attwidth><atprecis Sync="TRUE">0</atprecis><attscale Sync="TRUE">0</attscale></attr><attr><attrlabl Sync="TRUE">pt_lat</attrlabl><attalias Sync="TRUE">pt_lat</attalias><attrtype Sync="TRUE">Double</attrtype><attwidth Sync="TRUE">19</attwidth><atprecis Sync="TRUE">0</atprecis><attscale Sync="TRUE">0</attscale></attr><attr><attrlabl Sync="TRUE">pt_lon</attrlabl><attalias Sync="TRUE">pt_lon</attalias><attrtype Sync="TRUE">Double</attrtype><attwidth Sync="TRUE">19</attwidth><atprecis Sync="TRUE">0</atprecis><attscale Sync="TRUE">0</attscale></attr><attr><attrlabl Sync="TRUE">eia_ptid</attrlabl><attalias Sync="TRUE">eia_ptid</attalias><attrtype Sync="TRUE">Integer</attrtype><attwidth Sync="TRUE">10</attwidth><atprecis Sync="TRUE">10</atprecis><attscale Sync="TRUE">0</attscale></attr><attr><attrlabl Sync="TRUE">fcdocket</attrlabl><attalias Sync="TRUE">fcdocket</attalias><attrtype Sync="TRUE">String</attrtype><attwidth Sync="TRUE">254</attwidth><atprecis Sync="TRUE">0</atprecis><attscale Sync="TRUE">0</attscale></attr><attr><attrlabl Sync="TRUE">nhdv2comid</attrlabl><attalias Sync="TRUE">nhdv2comid</attalias><attrtype Sync="TRUE">Integer</attrtype><attwidth Sync="TRUE">10</attwidth><atprecis Sync="TRUE">10</atprecis><attscale Sync="TRUE">0</attscale></attr><attr><attrlabl Sync="TRUE">nhdwbcomid</attrlabl><attalias Sync="TRUE">nhdwbcomid</attalias><attrtype Sync="TRUE">Integer</attrtype><attwidth Sync="TRUE">10</attwidth><atprecis Sync="TRUE">10</atprecis><attscale Sync="TRUE">0</attscale></attr><attr><attrlabl Sync="TRUE">nhdwbflag</attrlabl><attalias Sync="TRUE">nhdwbflag</attalias><attrtype Sync="TRUE">String</attrtype><attwidth Sync="TRUE">254</attwidth><atprecis Sync="TRUE">0</atprecis><attscale Sync="TRUE">0</attscale></attr><attr><attrlabl Sync="TRUE">hylake_id</attrlabl><attalias Sync="TRUE">hylake_id</attalias><attrtype Sync="TRUE">Integer</attrtype><attwidth Sync="TRUE">10</attwidth><atprecis Sync="TRUE">10</atprecis><attscale Sync="TRUE">0</attscale></attr><attr><attrlabl Sync="TRUE">hylakeflag</attrlabl><attalias Sync="TRUE">hylakeflag</attalias><attrtype Sync="TRUE">String</attrtype><attwidth Sync="TRUE">254</attwidth><atprecis Sync="TRUE">0</atprecis><attscale Sync="TRUE">0</attscale></attr><attr><attrlabl Sync="TRUE">lagoslkid</attrlabl><attalias Sync="TRUE">lagoslkid</attalias><attrtype Sync="TRUE">Integer</attrtype><attwidth Sync="TRUE">10</attwidth><atprecis Sync="TRUE">10</atprecis><attscale Sync="TRUE">0</attscale></attr><attr><attrlabl Sync="TRUE">lagosflag</attrlabl><attalias Sync="TRUE">lagosflag</attalias><attrtype Sync="TRUE">String</attrtype><attwidth Sync="TRUE">254</attwidth><atprecis Sync="TRUE">0</atprecis><attscale Sync="TRUE">0</attscale></attr><attr><attrlabl Sync="TRUE">nhdhr_id</attrlabl><attalias Sync="TRUE">nhdhr_id</attalias><attrtype Sync="TRUE">String</attrtype><attwidth Sync="TRUE">254</attwidth><atprecis Sync="TRUE">0</atprecis><attscale Sync="TRUE">0</attscale></attr><attr><attrlabl Sync="TRUE">nhdhr_flag</attrlabl><attalias Sync="TRUE">nhdhr_flag</attalias><attrtype Sync="TRUE">String</attrtype><attwidth Sync="TRUE">254</attwidth><atprecis Sync="TRUE">0</atprecis><attscale Sync="TRUE">0</attscale></attr><attr><attrlabl Sync="TRUE">huc_12</attrlabl><attalias Sync="TRUE">huc_12</attalias><attrtype Sync="TRUE">Double</attrtype><attwidth Sync="TRUE">19</attwidth><atprecis Sync="TRUE">0</atprecis><attscale Sync="TRUE">0</attscale></attr><attr><attrlabl Sync="TRUE">huc_02</attrlabl><attalias Sync="TRUE">huc_02</attalias><attrtype Sync="TRUE">Integer</attrtype><attwidth Sync="TRUE">10</attwidth><atprecis Sync="TRUE">10</atprecis><attscale Sync="TRUE">0</attscale></attr><attr><attrlabl Sync="TRUE">ehadamflag</attrlabl><attalias Sync="TRUE">ehadamflag</attalias><attrtype Sync="TRUE">String</attrtype><attwidth Sync="TRUE">254</attwidth><atprecis Sync="TRUE">0</atprecis><attscale Sync="TRUE">0</attscale></attr><attr><attrlabl Sync="TRUE">statusflag</attrlabl><attalias Sync="TRUE">statusflag</attalias><attrtype Sync="TRUE">String</attrtype><attwidth Sync="TRUE">254</attwidth><atprecis Sync="TRUE">0</atprecis><attscale Sync="TRUE">0</attscale></attr><attr><attrlabl Sync="TRUE">ra2012_fla</attrlabl><attalias Sync="TRUE">ra2012_fla</attalias><attrtype Sync="TRUE">String</attrtype><attwidth Sync="TRUE">254</attwidth><atprecis Sync="TRUE">0</atprecis><attscale Sync="TRUE">0</attscale></attr><attr><attrlabl Sync="TRUE">pipestatus</attrlabl><attalias Sync="TRUE">pipestatus</attalias><attrtype Sync="TRUE">String</attrtype><attwidth Sync="TRUE">254</attwidth><atprecis Sync="TRUE">0</atprecis><attscale Sync="TRUE">0</attscale></attr><attr><attrlabl Sync="TRUE">ret_year</attrlabl><attalias Sync="TRUE">ret_year</attalias><attrtype Sync="TRUE">Integer</attrtype><attwidth Sync="TRUE">10</attwidth><atprecis Sync="TRUE">10</atprecis><attscale Sync="TRUE">0</attscale></attr><attr><attrlabl Sync="TRUE">ar_rem_id</attrlabl><attalias Sync="TRUE">ar_rem_id</attalias><attrtype Sync="TRUE">String</attrtype><attwidth Sync="TRUE">254</attwidth><atprecis Sync="TRUE">0</atprecis><attscale Sync="TRUE">0</attscale></attr><attr><attrlabl Sync="TRUE">rem_year</attrlabl><attalias Sync="TRUE">rem_year</attalias><attrtype Sync="TRUE">Integer</attrtype><attwidth Sync="TRUE">10</attwidth><atprecis Sync="TRUE">10</atprecis><attscale Sync="TRUE">0</attscale></attr><attr><attrlabl Sync="TRUE">dataset</attrlabl><attalias Sync="TRUE">dataset</attalias><attrtype Sync="TRUE">String</attrtype><attwidth Sync="TRUE">254</attwidth><atprecis Sync="TRUE">0</atprecis><attscale Sync="TRUE">0</attscale></attr><attr><attrlabl Sync="TRUE">qa_notes</attrlabl><attalias Sync="TRUE">qa_notes</attalias><attrtype Sync="TRUE">String</attrtype><attwidth Sync="TRUE">254</attwidth><atprecis Sync="TRUE">0</atprecis><attscale Sync="TRUE">0</attscale></attr></detailed></eainfo><mdDateSt Sync="TRUE">20250730</mdDateSt></metadata>
